Region,bulk_carrier_capesize_ice,bulk_carrier_handy_ice,bulk_carrier_ice,bulk_carrier_panamax_ice,container_15000_teu_ice,container_3500_teu_ice,container_8000_teu_ice,container_ice,fleet,gas_carrier_100k_cbm_ice,gas_carrier_ice,tanker_100k_dwt_ice,tanker_300k_dwt_ice,tanker_35k_dwt_ice,tanker_ice
Global,0.00043978050958409743,0.0017939724589000718,0.0006347495356438771,0.0005813521868891608,0.0003850570332470102,0.0006094685923739257,0.00045271191153011816,0.000496773922850018,0.0006492454937035386,0.002595511490198797,0.002595511490198797,0.000507376958531638,0.00021905067385443377,0.0012760611301882475,0.000535530860903995
Global Average,0.00043978050958409743,0.0017939724589000718,0.0006347495356438771,0.0005813521868891608,0.0003850570332470102,0.0006094685923739257,0.00045271191153011816,0.000496773922850018,0.0006492454937035386,0.002595511490198797,0.002595511490198797,0.000507376958531638,0.00021905067385443377,0.0012760611301882475,0.000535530860903995
