Region,bulk_carrier_capesize_ice,bulk_carrier_handy_ice,bulk_carrier_ice,bulk_carrier_panamax_ice,container_15000_teu_ice,container_3500_teu_ice,container_8000_teu_ice,container_ice,fleet,gas_carrier_100k_cbm_ice,gas_carrier_ice,tanker_100k_dwt_ice,tanker_300k_dwt_ice,tanker_35k_dwt_ice,tanker_ice
Global,0.0004623959401197263,0.0019198524489946684,0.0006655039853040537,0.000606909840767147,0.00024622645672558037,0.0004312161211860542,0.00031447293041932334,0.00034265665096042136,0.0005534874087694591,0.001248404005536459,0.001248404005536459,0.000583255034852065,0.00025239049342950403,0.001513288696175581,0.0006244506130807431
Global Average,0.0004623959401197263,0.0019198524489946684,0.0006655039853040537,0.000606909840767147,0.00024622645672558037,0.0004312161211860542,0.00031447293041932334,0.00034265665096042136,0.0005534874087694591,0.001248404005536459,0.001248404005536459,0.000583255034852065,0.00025239049342950403,0.001513288696175581,0.0006244506130807431
