Region,bulk_carrier_capesize_ice,bulk_carrier_handy_ice,bulk_carrier_ice,bulk_carrier_panamax_ice,container_15000_teu_ice,container_3500_teu_ice,container_8000_teu_ice,container_ice,fleet,gas_carrier_100k_cbm_ice,gas_carrier_ice,tanker_100k_dwt_ice,tanker_300k_dwt_ice,tanker_35k_dwt_ice,tanker_ice
Global,0.9301074987308087,0.8583752501951416,0.9145453884994285,0.9262574739679651,0.9336909117856874,0.9043148631083984,0.9291328111598791,0.9194651098568323,0.7900275593759198,0.907726561881596,0.907726561881596,0.6735244357099396,0.8012174006702848,0.44668637102282094,0.5907879176334265
Global Average,0.9301074987308087,0.8583752501951416,0.9145453884994285,0.9262574739679651,0.9336909117856874,0.9043148631083984,0.9291328111598791,0.9194651098568323,0.7900275593759198,0.907726561881596,0.907726561881596,0.6735244357099396,0.8012174006702848,0.44668637102282094,0.5907879176334265
