Region,bulk_carrier_capesize_ice,bulk_carrier_handy_ice,bulk_carrier_ice,bulk_carrier_panamax_ice,container_15000_teu_ice,container_3500_teu_ice,container_8000_teu_ice,container_ice,fleet,gas_carrier_100k_cbm_ice,gas_carrier_ice,tanker_100k_dwt_ice,tanker_300k_dwt_ice,tanker_35k_dwt_ice,tanker_ice
Global,0.00043710923633899664,0.0016197485342877764,0.0006171899468419183,0.0005643564528071491,0.0002304457302787528,0.0004034195654729972,0.000292224000554953,0.00031984882423023774,0.0005164925302571067,0.001165205349498992,0.001165205349498992,0.0005515459692770079,0.00023999806550598757,0.0013511205379228514,0.0005853149540548623
Global Average,0.00043710923633899664,0.0016197485342877764,0.0006171899468419183,0.0005643564528071491,0.0002304457302787528,0.0004034195654729972,0.000292224000554953,0.00031984882423023774,0.0005164925302571067,0.001165205349498992,0.001165205349498992,0.0005515459692770079,0.00023999806550598757,0.0013511205379228514,0.0005853149540548623
