Region,bulk_carrier_capesize_ice,bulk_carrier_handy_ice,bulk_carrier_ice,bulk_carrier_panamax_ice,container_15000_teu_ice,container_3500_teu_ice,container_8000_teu_ice,container_ice,fleet,gas_carrier_100k_cbm_ice,gas_carrier_ice,tanker_100k_dwt_ice,tanker_300k_dwt_ice,tanker_35k_dwt_ice,tanker_ice
Global,0.0059593370249211184,0.017091143750715375,0.007316539863711994,0.006667061637189318,0.004928109146338045,0.008282059087806527,0.008128547687945112,0.007359055370135243,0.007346911366744582,0.015576511120620236,0.015576511120620236,0.005847962584484973,0.002858979267358726,0.014995061680735356,0.0063609750426782885
Global Average,0.0059593370249211184,0.017091143750715375,0.007316539863711994,0.006667061637189318,0.004928109146338045,0.008282059087806527,0.008128547687945112,0.007359055370135243,0.007346911366744582,0.015576511120620236,0.015576511120620236,0.005847962584484973,0.002858979267358726,0.014995061680735356,0.0063609750426782885
