Region,bulk_carrier_capesize_ice,bulk_carrier_handy_ice,bulk_carrier_ice,bulk_carrier_panamax_ice,container_15000_teu_ice,container_3500_teu_ice,container_8000_teu_ice,container_ice,fleet,gas_carrier_100k_cbm_ice,gas_carrier_ice,tanker_100k_dwt_ice,tanker_300k_dwt_ice,tanker_35k_dwt_ice,tanker_ice
Global,0.0006355268143999792,0.0025923682019131644,0.000922170643017697,0.0008492198962014564,0.0006181953148411732,0.0010826447707782323,0.0007895402257535032,0.0008603004690880274,0.0009321404127855755,0.0029168317886365857,0.0029168317886365857,0.0007017530713451086,0.00030368942033541085,0.001819663171648441,0.0007512564231496029
Global Average,0.0006355268143999792,0.0025923682019131644,0.000922170643017697,0.0008492198962014564,0.0006181953148411732,0.0010826447707782323,0.0007895402257535032,0.0008603004690880274,0.0009321404127855755,0.0029168317886365857,0.0029168317886365857,0.0007017530713451086,0.00030368942033541085,0.001819663171648441,0.0007512564231496029
