Region,bulk_carrier_capesize_ice,bulk_carrier_handy_ice,bulk_carrier_ice,bulk_carrier_panamax_ice,container_15000_teu_ice,container_3500_teu_ice,container_8000_teu_ice,container_ice,fleet,gas_carrier_100k_cbm_ice,gas_carrier_ice,tanker_100k_dwt_ice,tanker_300k_dwt_ice,tanker_35k_dwt_ice,tanker_ice
Global,6.961842671289101e-05,0.0001332216776554753,8.401316871305732e-05,8.44415421802943e-05,4.628673003976577e-05,7.123987727752966e-05,7.889342491494999e-05,6.744002636024174e-05,8.047347310578404e-05,0.0002354971207573548,0.0002354971207573548,7.797644168223187e-05,4.4777359912944725e-05,0.0001407521786530107,7.659503187042909e-05
Global Average,6.961842671289101e-05,0.0001332216776554753,8.401316871305732e-05,8.44415421802943e-05,4.628673003976577e-05,7.123987727752966e-05,7.889342491494999e-05,6.744002636024174e-05,8.047347310578404e-05,0.0002354971207573548,0.0002354971207573548,7.797644168223187e-05,4.4777359912944725e-05,0.0001407521786530107,7.659503187042909e-05
