Region,bulk_carrier_capesize_ice,bulk_carrier_handy_ice,bulk_carrier_ice,bulk_carrier_panamax_ice,container_15000_teu_ice,container_3500_teu_ice,container_8000_teu_ice,container_ice,fleet,gas_carrier_100k_cbm_ice,gas_carrier_ice,tanker_100k_dwt_ice,tanker_300k_dwt_ice,tanker_35k_dwt_ice,tanker_ice
Global,0.00044296545540325663,0.0024543305675238363,0.0007616877861885745,0.0007130840938817519,0.00011535309372069809,0.00037369560470422225,0.00018245717640996478,0.0002402129804759138,0.0005550352266624206,0.0006954188140104624,0.0006954188140104624,0.0006226208489677762,0.00017755830505503396,0.0027420133223094493,0.000840916215867795
Global Average,0.00044296545540325663,0.0024543305675238363,0.0007616877861885745,0.0007130840938817519,0.00011535309372069809,0.00037369560470422225,0.00018245717640996478,0.0002402129804759138,0.0005550352266624206,0.0006954188140104624,0.0006954188140104624,0.0006226208489677762,0.00017755830505503396,0.0027420133223094493,0.000840916215867795
