Region,bulk_carrier_capesize_ice,bulk_carrier_handy_ice,bulk_carrier_ice,bulk_carrier_panamax_ice,container_15000_teu_ice,container_3500_teu_ice,container_8000_teu_ice,container_ice,fleet,gas_carrier_100k_cbm_ice,gas_carrier_ice,tanker_100k_dwt_ice,tanker_300k_dwt_ice,tanker_35k_dwt_ice,tanker_ice
Global,4.833676261866141,10.744538675901742,7.389655267922938,7.792539414381537,1.8509185112582194,4.6467023127229155,1.7537999982072803,2.990766038060578,5.593616848315824,5.622645391522551,5.622645391522551,5.140689983440061,2.9683596852834495,8.609762640844284,6.368042075373225
Global Average,4.833676261866141,10.744538675901742,7.389655267922938,7.792539414381537,1.8509185112582194,4.6467023127229155,1.7537999982072803,2.990766038060578,5.593616848315824,5.622645391522551,5.622645391522551,5.140689983440061,2.9683596852834495,8.609762640844284,6.368042075373225
