Region,bulk_carrier_capesize_ice,bulk_carrier_handy_ice,bulk_carrier_ice,bulk_carrier_panamax_ice,container_15000_teu_ice,container_3500_teu_ice,container_8000_teu_ice,container_ice,fleet,gas_carrier_100k_cbm_ice,gas_carrier_ice,tanker_100k_dwt_ice,tanker_300k_dwt_ice,tanker_35k_dwt_ice,tanker_ice
Global,0.00010979280364381829,0.0003601647740563909,0.0001710650617915673,0.00017517178677645907,0.00010317503824301885,0.0002202115720442373,0.000152332065668858,0.00016623617843456538,0.00017240051277756224,0.000273239546100262,0.000273239546100262,0.00015601696337873993,6.43245575845592e-05,0.0004114019172198502,0.00016990587452355124
Global Average,0.00010979280364381829,0.0003601647740563909,0.0001710650617915673,0.00017517178677645907,0.00010317503824301885,0.0002202115720442373,0.000152332065668858,0.00016623617843456538,0.00017240051277756224,0.000273239546100262,0.000273239546100262,0.00015601696337873993,6.43245575845592e-05,0.0004114019172198502,0.00016990587452355124
