Region,bulk_carrier_capesize_ice,bulk_carrier_handy_ice,bulk_carrier_ice,bulk_carrier_panamax_ice,container_15000_teu_ice,container_3500_teu_ice,container_8000_teu_ice,container_ice,fleet,gas_carrier_100k_cbm_ice,gas_carrier_ice,tanker_100k_dwt_ice,tanker_300k_dwt_ice,tanker_35k_dwt_ice,tanker_ice
Global,0.0004285106914874301,0.0024158132347273506,0.0007292424884125108,0.0006750634550258408,0.00011535309372069809,0.00037369560470422225,0.00018245717640996478,0.0002402129804759138,0.0005457912039232588,0.0006822438040763127,0.0006822438040763127,0.0006098410354920728,0.0001738355794693957,0.002695822793563932,0.0008240850622748256
Global Average,0.0004285106914874301,0.0024158132347273506,0.0007292424884125108,0.0006750634550258408,0.00011535309372069809,0.00037369560470422225,0.00018245717640996478,0.0002402129804759138,0.0005457912039232588,0.0006822438040763127,0.0006822438040763127,0.0006098410354920728,0.0001738355794693957,0.002695822793563932,0.0008240850622748256
