Region,bulk_carrier_capesize_ice,bulk_carrier_handy_ice,bulk_carrier_ice,bulk_carrier_panamax_ice,container_15000_teu_ice,container_3500_teu_ice,container_8000_teu_ice,container_ice,fleet,gas_carrier_100k_cbm_ice,gas_carrier_ice,tanker_100k_dwt_ice,tanker_300k_dwt_ice,tanker_35k_dwt_ice,tanker_ice
Global,0.003128958449062411,0.006834598379718043,0.0034039387229626407,0.0030122698707133514,0.0014986539084981367,0.002333068624039014,0.0025467592577495778,0.00219193082339587,0.0029814879596476527,0.004408169323272533,0.004408169323272533,0.00336834536921531,0.0018036499175959268,0.007148856899417036,0.0034916258524450793
Global Average,0.003128958449062411,0.006834598379718043,0.0034039387229626407,0.0030122698707133514,0.0014986539084981367,0.002333068624039014,0.0025467592577495778,0.00219193082339587,0.0029814879596476527,0.004408169323272533,0.004408169323272533,0.00336834536921531,0.0018036499175959268,0.007148856899417036,0.0034916258524450793
