Region,bulk_carrier_capesize_ice,bulk_carrier_handy_ice,bulk_carrier_ice,bulk_carrier_panamax_ice,container_15000_teu_ice,container_3500_teu_ice,container_8000_teu_ice,container_ice,fleet,gas_carrier_100k_cbm_ice,gas_carrier_ice,tanker_100k_dwt_ice,tanker_300k_dwt_ice,tanker_35k_dwt_ice,tanker_ice
Global,0.004194400373415262,0.012458696122218293,0.005055220271925632,0.004510683319100534,0.00196285999639369,0.003298734258616018,0.0032375908511080354,0.0029311029785162525,0.004289801469581443,0.0065404423614456265,0.0065404423614456265,0.004760710191636891,0.0023262265865953485,0.012260292164899374,0.005181469003310019
Global Average,0.004194400373415262,0.012458696122218293,0.005055220271925632,0.004510683319100534,0.00196285999639369,0.003298734258616018,0.0032375908511080354,0.0029311029785162525,0.004289801469581443,0.0065404423614456265,0.0065404423614456265,0.004760710191636891,0.0023262265865953485,0.012260292164899374,0.005181469003310019
