Region,bulk_carrier_capesize_ice,bulk_carrier_handy_ice,bulk_carrier_ice,bulk_carrier_panamax_ice,container_15000_teu_ice,container_3500_teu_ice,container_8000_teu_ice,container_ice,fleet,gas_carrier_100k_cbm_ice,gas_carrier_ice,tanker_100k_dwt_ice,tanker_300k_dwt_ice,tanker_35k_dwt_ice,tanker_ice
Global,0.0004356977063857418,0.0014779609772419963,0.000678004724290284,0.0006918198672973984,0.0003299813047371457,0.0005780035082653727,0.0004204893887260763,0.0004588846432338719,0.0006769317309372293,0.0029168317886365857,0.0029168317886365857,0.0006585292025536434,0.00028550532173797196,0.0016820360220477293,0.0007034955995783946
Global Average,0.0004356977063857418,0.0014779609772419963,0.000678004724290284,0.0006918198672973984,0.0003299813047371457,0.0005780035082653727,0.0004204893887260763,0.0004588846432338719,0.0006769317309372293,0.0029168317886365857,0.0029168317886365857,0.0006585292025536434,0.00028550532173797196,0.0016820360220477293,0.0007034955995783946
