Region,bulk_carrier_capesize_ice,bulk_carrier_handy_ice,bulk_carrier_ice,bulk_carrier_panamax_ice,container_15000_teu_ice,container_3500_teu_ice,container_8000_teu_ice,container_ice,fleet,gas_carrier_100k_cbm_ice,gas_carrier_ice,tanker_100k_dwt_ice,tanker_300k_dwt_ice,tanker_35k_dwt_ice,tanker_ice
Global,0.6732908226424378,1.3276668290522586,0.9717889791819317,1.0330742669188144,1.1883637209682272,1.6471268947960314,1.0663521560528408,1.3326358800109988,1.010256559504868,0.6126744633521124,0.6126744633521124,0.8882084153387738,0.568184986655463,1.0094010852624615,0.8888758792493675
Global Average,0.6732908226424378,1.3276668290522586,0.9717889791819317,1.0330742669188144,1.1883637209682272,1.6471268947960314,1.0663521560528408,1.3326358800109988,1.010256559504868,0.6126744633521124,0.6126744633521124,0.8882084153387738,0.568184986655463,1.0094010852624615,0.8888758792493675
