Region,bulk_carrier_capesize_ice,bulk_carrier_handy_ice,bulk_carrier_ice,bulk_carrier_panamax_ice,container_15000_teu_ice,container_3500_teu_ice,container_8000_teu_ice,container_ice,fleet,gas_carrier_100k_cbm_ice,gas_carrier_ice,tanker_100k_dwt_ice,tanker_300k_dwt_ice,tanker_35k_dwt_ice,tanker_ice
Global,0.0004173891165163389,0.0018894185362796627,0.0007759952289904272,0.0008128484826965155,0.00015459087897221773,0.0005009028186337109,0.0002439679195122153,0.0003216924216613758,0.0006788247587258603,0.0016248103131085568,0.0016248103131085568,0.0007029755195649821,0.0002008547957696588,0.003047776139949527,0.0009473621213349921
Global Average,0.0004173891165163389,0.0018894185362796627,0.0007759952289904272,0.0008128484826965155,0.00015459087897221773,0.0005009028186337109,0.0002439679195122153,0.0003216924216613758,0.0006788247587258603,0.0016248103131085568,0.0016248103131085568,0.0007029755195649821,0.0002008547957696588,0.003047776139949527,0.0009473621213349921
