Region,bulk_carrier_capesize_ice,bulk_carrier_handy_ice,bulk_carrier_ice,bulk_carrier_panamax_ice,container_15000_teu_ice,container_3500_teu_ice,container_8000_teu_ice,container_ice,fleet,gas_carrier_100k_cbm_ice,gas_carrier_ice,tanker_100k_dwt_ice,tanker_300k_dwt_ice,tanker_35k_dwt_ice,tanker_ice
Global,0.0001015483357013833,0.00023367304433439835,0.00011426834509917672,0.00010365333676463223,8.67147297108081e-05,0.00013343773783807165,0.00014813580125417762,0.00012643414236779223,0.00011081261670989718,0.0002354971207573548,0.0002354971207573548,8.309457990758047e-05,4.762927147323877e-05,0.0001522687697926708,8.179512381952874e-05
Global Average,0.0001015483357013833,0.00023367304433439835,0.00011426834509917672,0.00010365333676463223,8.67147297108081e-05,0.00013343773783807165,0.00014813580125417762,0.00012643414236779223,0.00011081261670989718,0.0002354971207573548,0.0002354971207573548,8.309457990758047e-05,4.762927147323877e-05,0.0001522687697926708,8.179512381952874e-05
