Region,bulk_carrier_capesize_ice,bulk_carrier_handy_ice,bulk_carrier_ice,bulk_carrier_panamax_ice,container_15000_teu_ice,container_3500_teu_ice,container_8000_teu_ice,container_ice,fleet,gas_carrier_100k_cbm_ice,gas_carrier_ice,tanker_100k_dwt_ice,tanker_300k_dwt_ice,tanker_35k_dwt_ice,tanker_ice
Global,0.005646477145329013,0.014522809541426169,0.006804251848475138,0.0062160460531213105,0.004612265173384548,0.007748190557520954,0.007553453713506263,0.006869223757909339,0.006864072932273672,0.014538429870287039,0.014538429870287037,0.005533650864066482,0.0027201876263555085,0.013404824207580449,0.005966709440887208
Global Average,0.005646477145329013,0.014522809541426169,0.006804251848475138,0.0062160460531213105,0.004612265173384548,0.007748190557520954,0.007553453713506263,0.006869223757909339,0.006864072932273672,0.014538429870287039,0.014538429870287037,0.005533650864066482,0.0027201876263555085,0.013404824207580449,0.005966709440887208
