Region,bulk_carrier_capesize_ice,bulk_carrier_handy_ice,bulk_carrier_ice,bulk_carrier_panamax_ice,container_15000_teu_ice,container_3500_teu_ice,container_8000_teu_ice,container_ice,fleet,gas_carrier_100k_cbm_ice,gas_carrier_ice,tanker_100k_dwt_ice,tanker_300k_dwt_ice,tanker_35k_dwt_ice,tanker_ice
Global,0.0034305268529222326,0.008283152527759222,0.0038529442584317895,0.0034447381856303905,0.001601280445947412,0.0024938225327257417,0.0027406607442787474,0.002348233347079918,0.0032539348645990313,0.00472292394007854,0.00472292394007854,0.0036545996314343893,0.0019460944209217887,0.008215059361283824,0.003821928750553972
Global Average,0.0034305268529222326,0.008283152527759222,0.0038529442584317895,0.0034447381856303905,0.001601280445947412,0.0024938225327257417,0.0027406607442787474,0.002348233347079918,0.0032539348645990313,0.00472292394007854,0.00472292394007854,0.0036545996314343893,0.0019460944209217887,0.008215059361283824,0.003821928750553972
