Region,bulk_carrier_capesize_ice,bulk_carrier_handy_ice,bulk_carrier_ice,bulk_carrier_panamax_ice,container_15000_teu_ice,container_3500_teu_ice,container_8000_teu_ice,container_ice,fleet,gas_carrier_100k_cbm_ice,gas_carrier_ice,tanker_100k_dwt_ice,tanker_300k_dwt_ice,tanker_35k_dwt_ice,tanker_ice
Global,8.482321663925482e-05,0.00029703829899564883,9.9752694942529e-05,8.873784418766964e-05,4.064777748829681e-05,6.25367326080016e-05,7.111018961473236e-05,5.9749895548450155e-05,7.77845616766861e-05,0.00011148901790027038,0.00011148901790027037,7.904209151980552e-05,4.445126970979776e-05,0.00017506874230659066,7.9772794203667e-05
Global Average,8.482321663925482e-05,0.00029703829899564883,9.9752694942529e-05,8.873784418766964e-05,4.064777748829681e-05,6.25367326080016e-05,7.111018961473236e-05,5.9749895548450155e-05,7.77845616766861e-05,0.00011148901790027038,0.00011148901790027037,7.904209151980552e-05,4.445126970979776e-05,0.00017506874230659066,7.9772794203667e-05
