Region,bulk_carrier_capesize_ice,bulk_carrier_handy_ice,bulk_carrier_ice,bulk_carrier_panamax_ice,container_15000_teu_ice,container_3500_teu_ice,container_8000_teu_ice,container_ice,fleet,gas_carrier_100k_cbm_ice,gas_carrier_ice,tanker_100k_dwt_ice,tanker_300k_dwt_ice,tanker_35k_dwt_ice,tanker_ice
Global,38.09336364733147,23.238257999392843,26.444175731563387,24.25222196844081,86.00925991193893,35.132599698346915,58.168940654466745,46.02076453072161,37.019539908552716,58.2602674749496,58.2602674749496,39.10480304354625,51.446170679831226,32.534793520419804,37.14558429064712
Global Average,38.09336364733147,23.238257999392843,26.444175731563387,24.25222196844081,86.00925991193893,35.132599698346915,58.168940654466745,46.02076453072161,37.019539908552716,58.2602674749496,58.2602674749496,39.10480304354625,51.446170679831226,32.534793520419804,37.14558429064712
