Region,bulk_carrier_capesize_ice,bulk_carrier_handy_ice,bulk_carrier_ice,bulk_carrier_panamax_ice,container_15000_teu_ice,container_3500_teu_ice,container_8000_teu_ice,container_ice,fleet,gas_carrier_100k_cbm_ice,gas_carrier_ice,tanker_100k_dwt_ice,tanker_300k_dwt_ice,tanker_35k_dwt_ice,tanker_ice
Global,0.003297670682865803,0.007758166749696968,0.004339105158673241,0.004359770862659432,0.0020673902393702204,0.0035335559176047234,0.003360637963017349,0.0030940081164844363,0.004322194179917123,0.0123949509623644,0.012394950962364398,0.00453999328919602,0.0021699291426922453,0.011501589911979245,0.0049699658068604905
Global Average,0.003297670682865803,0.007758166749696968,0.004339105158673241,0.004359770862659432,0.0020673902393702204,0.0035335559176047234,0.003360637963017349,0.0030940081164844363,0.004322194179917123,0.0123949509623644,0.012394950962364398,0.00453999328919602,0.0021699291426922453,0.011501589911979245,0.0049699658068604905
