Region,bulk_carrier_capesize_ice,bulk_carrier_handy_ice,bulk_carrier_ice,bulk_carrier_panamax_ice,container_15000_teu_ice,container_3500_teu_ice,container_8000_teu_ice,container_ice,fleet,gas_carrier_100k_cbm_ice,gas_carrier_ice,tanker_100k_dwt_ice,tanker_300k_dwt_ice,tanker_35k_dwt_ice,tanker_ice
Global,1.8162291573601401,0.9928489095901383,1.2301938500858252,1.1594004295434703,4.088754664467633,1.2373419287187835,2.493649693468357,1.8387949897905784,1.308608892356707,0.5706668953192277,0.5706668953192277,1.1846513249400532,2.3130676619022497,1.0799300327021069,1.2629288322966805
Global Average,1.8162291573601401,0.9928489095901383,1.2301938500858252,1.1594004295434703,4.088754664467633,1.2373419287187835,2.493649693468357,1.8387949897905784,1.308608892356707,0.5706668953192277,0.5706668953192277,1.1846513249400532,2.3130676619022497,1.0799300327021069,1.2629288322966805
