Region,bulk_carrier_capesize_ice,bulk_carrier_handy_ice,bulk_carrier_ice,bulk_carrier_panamax_ice,container_15000_teu_ice,container_3500_teu_ice,container_8000_teu_ice,container_ice,fleet,gas_carrier_100k_cbm_ice,gas_carrier_ice,tanker_100k_dwt_ice,tanker_300k_dwt_ice,tanker_35k_dwt_ice,tanker_ice
Global,0.003297670682865803,0.00905119454131313,0.003954431179826297,0.0035349493481022422,0.0015219093247123873,0.0026012271887447167,0.0024739336364752217,0.002277654074950018,0.0034092591769574287,0.005305039011891963,0.005305039011891963,0.0038589942958166174,0.0018444397712884082,0.009776351425182359,0.004224470935831417
Global Average,0.003297670682865803,0.00905119454131313,0.003954431179826297,0.0035349493481022422,0.0015219093247123873,0.0026012271887447167,0.0024739336364752217,0.002277654074950018,0.0034092591769574287,0.005305039011891963,0.005305039011891963,0.0038589942958166174,0.0018444397712884082,0.009776351425182359,0.004224470935831417
