Region,bulk_carrier_capesize_ice,bulk_carrier_handy_ice,bulk_carrier_ice,bulk_carrier_panamax_ice,container_15000_teu_ice,container_3500_teu_ice,container_8000_teu_ice,container_ice,fleet,gas_carrier_100k_cbm_ice,gas_carrier_ice,tanker_100k_dwt_ice,tanker_300k_dwt_ice,tanker_35k_dwt_ice,tanker_ice
Global,0.0006021622233726134,0.0022028057458739984,0.0008576022845830922,0.000791771588636545,0.0005785749942470641,0.0010128565736078335,0.0007336803300083735,0.0008030373633527128,0.0008708802185148662,0.0027224424053714767,0.0027224424053714762,0.0006640357959732336,0.0002889465526676059,0.0016266865353607163,0.0007046920892565744
Global Average,0.0006021622233726134,0.0022028057458739984,0.0008576022845830922,0.000791771588636545,0.0005785749942470641,0.0010128565736078335,0.0007336803300083735,0.0008030373633527128,0.0008708802185148662,0.0027224424053714767,0.0027224424053714762,0.0006640357959732336,0.0002889465526676059,0.0016266865353607163,0.0007046920892565744
