Region,bulk_carrier_capesize_ice,bulk_carrier_handy_ice,bulk_carrier_ice,bulk_carrier_panamax_ice,container_15000_teu_ice,container_3500_teu_ice,container_8000_teu_ice,container_ice,fleet,gas_carrier_100k_cbm_ice,gas_carrier_ice,tanker_100k_dwt_ice,tanker_300k_dwt_ice,tanker_35k_dwt_ice,tanker_ice
Global,45.51436763302777,54.41090666831006,49.640365760375595,50.54636810870918,43.95983748561423,47.30949454948772,41.92414274305755,44.55167669691808,44.674781417061304,51.18785591136135,51.18785591136135,40.83229717714059,40.28183474567393,39.628897202669826,40.18107070692082
Global Average,45.51436763302777,54.41090666831006,49.640365760375595,50.54636810870918,43.95983748561423,47.30949454948772,41.92414274305755,44.55167669691808,44.674781417061304,51.18785591136135,51.18785591136135,40.83229717714059,40.28183474567393,39.628897202669826,40.18107070692082
