Region,bulk_carrier_capesize_ice,bulk_carrier_handy_ice,bulk_carrier_ice,bulk_carrier_panamax_ice,container_15000_teu_ice,container_3500_teu_ice,container_8000_teu_ice,container_ice,fleet,gas_carrier_100k_cbm_ice,gas_carrier_ice,tanker_100k_dwt_ice,tanker_300k_dwt_ice,tanker_35k_dwt_ice,tanker_ice
Global,0.004708339870702109,0.012586266040286587,0.00576806682405427,0.0052737710391296344,0.0038210240550992274,0.006530843526338243,0.006211250422213796,0.005718455671610723,0.005854455293289382,0.0123949509623644,0.012394950962364398,0.004766837230428059,0.002278351170560427,0.012076274899350684,0.005218293625780318
Global Average,0.004708339870702109,0.012586266040286587,0.00576806682405427,0.0052737710391296344,0.0038210240550992274,0.006530843526338243,0.006211250422213796,0.005718455671610723,0.005854455293289382,0.0123949509623644,0.012394950962364398,0.004766837230428059,0.002278351170560427,0.012076274899350684,0.005218293625780318
