Region,bulk_carrier_capesize_ice,bulk_carrier_handy_ice,bulk_carrier_ice,bulk_carrier_panamax_ice,container_15000_teu_ice,container_3500_teu_ice,container_8000_teu_ice,container_ice,fleet,gas_carrier_100k_cbm_ice,gas_carrier_ice,tanker_100k_dwt_ice,tanker_300k_dwt_ice,tanker_35k_dwt_ice,tanker_ice
Global,0.00018689324388635148,0.0011582590000339982,0.00028985365906997185,0.0002656914949719845,0.00023979102382775625,0.0005118974765990438,0.00036515632435913585,0.0003905359707437034,0.00029375184641770787,0.00032381648774018016,0.00032381648774018016,0.00019739679974446216,7.941250836928869e-05,0.0006659489624354189,0.00022233831811799653
Global Average,0.00018689324388635148,0.0011582590000339982,0.00028985365906997185,0.0002656914949719845,0.00023979102382775625,0.0005118974765990438,0.00036515632435913585,0.0003905359707437034,0.00029375184641770787,0.00032381648774018016,0.00032381648774018016,0.00019739679974446216,7.941250836928869e-05,0.0006659489624354189,0.00022233831811799653
