Region,bulk_carrier_capesize_ice,bulk_carrier_handy_ice,bulk_carrier_ice,bulk_carrier_panamax_ice,container_15000_teu_ice,container_3500_teu_ice,container_8000_teu_ice,container_ice,fleet,gas_carrier_100k_cbm_ice,gas_carrier_ice,tanker_100k_dwt_ice,tanker_300k_dwt_ice,tanker_35k_dwt_ice,tanker_ice
Global,0.0006877467690195849,0.005582234243159545,0.00125112188597737,0.001166466765890177,0.00034084361595954304,0.001103968021341555,0.0005520961811684439,0.000715568547179594,0.0010985784108264853,0.0017972371455297765,0.0017972371455297765,0.0008541808469598802,0.0002390135431049601,0.004544134401202703,0.0011827278860662895
Global Average,0.0006877467690195849,0.005582234243159545,0.00125112188597737,0.001166466765890177,0.00034084361595954304,0.001103968021341555,0.0005520961811684439,0.000715568547179594,0.0010985784108264853,0.0017972371455297765,0.0017972371455297765,0.0008541808469598802,0.0002390135431049601,0.004544134401202703,0.0011827278860662895
