Region,bulk_carrier_capesize_ice,bulk_carrier_handy_ice,bulk_carrier_ice,bulk_carrier_panamax_ice,container_15000_teu_ice,container_3500_teu_ice,container_8000_teu_ice,container_ice,fleet,gas_carrier_100k_cbm_ice,gas_carrier_ice,tanker_100k_dwt_ice,tanker_300k_dwt_ice,tanker_35k_dwt_ice,tanker_ice
Global,0.005613413181332948,0.02494959837519839,0.007352205612056949,0.0066126746752517085,0.004804860076547039,0.008214002292668396,0.008055810184736847,0.007268703327030413,0.007364551882538076,0.014689270069537557,0.014689270069537557,0.005744119913250082,0.002678907134002206,0.018617978059025656,0.00650368235765823
Global Average,0.005613413181332948,0.02494959837519839,0.007352205612056949,0.0066126746752517085,0.004804860076547039,0.008214002292668396,0.008055810184736847,0.007268703327030413,0.007364551882538076,0.014689270069537557,0.014689270069537557,0.005744119913250082,0.002678907134002206,0.018617978059025656,0.00650368235765823
