Region,bulk_carrier_capesize_ice,bulk_carrier_handy_ice,bulk_carrier_ice,bulk_carrier_panamax_ice,container_15000_teu_ice,container_3500_teu_ice,container_8000_teu_ice,container_ice,fleet,gas_carrier_100k_cbm_ice,gas_carrier_ice,tanker_100k_dwt_ice,tanker_300k_dwt_ice,tanker_35k_dwt_ice,tanker_ice
Global,0.0034177813974782304,0.009254826944725219,0.004151100015142,0.0037590218685233834,0.0015219093247123873,0.0026012271887447167,0.0024739336364752217,0.002277654074950018,0.003472099105505779,0.005305039011891963,0.005305039011891963,0.003959319477331533,0.0018923910613559884,0.01003051459726797,0.004334297688853887
Global Average,0.0034177813974782304,0.009254826944725219,0.004151100015142,0.0037590218685233834,0.0015219093247123873,0.0026012271887447167,0.0024739336364752217,0.002277654074950018,0.003472099105505779,0.005305039011891963,0.005305039011891963,0.003959319477331533,0.0018923910613559884,0.01003051459726797,0.004334297688853887
