Region,bulk_carrier_capesize_ice,bulk_carrier_handy_ice,bulk_carrier_ice,bulk_carrier_panamax_ice,container_15000_teu_ice,container_3500_teu_ice,container_8000_teu_ice,container_ice,fleet,gas_carrier_100k_cbm_ice,gas_carrier_ice,tanker_100k_dwt_ice,tanker_300k_dwt_ice,tanker_35k_dwt_ice,tanker_ice
Global,0.0005768585758642736,0.0028160567648033413,0.0009815496225404501,0.0009302859962371674,0.0002710529827841214,0.0008777502304690431,0.0004256812858975203,0.000562954193195437,0.0008733156198690548,0.0015165264292320729,0.0015165264292320727,0.0007088537712129858,0.00020327572344750508,0.0029474852765720805,0.0009489733737726125
Global Average,0.0005768585758642736,0.0028160567648033413,0.0009815496225404501,0.0009302859962371674,0.0002710529827841214,0.0008777502304690431,0.0004256812858975203,0.000562954193195437,0.0008733156198690548,0.0015165264292320729,0.0015165264292320727,0.0007088537712129858,0.00020327572344750508,0.0029474852765720805,0.0009489733737726125
