Region,bulk_carrier_capesize_ice,bulk_carrier_handy_ice,bulk_carrier_ice,bulk_carrier_panamax_ice,container_15000_teu_ice,container_3500_teu_ice,container_8000_teu_ice,container_ice,fleet,gas_carrier_100k_cbm_ice,gas_carrier_ice,tanker_100k_dwt_ice,tanker_300k_dwt_ice,tanker_35k_dwt_ice,tanker_ice
Global,0.00040402555168636615,0.002025118294499005,0.0006729239709453423,0.000623560228828202,0.00010796007982199107,0.0003496068701102676,0.00016954834856337277,0.00022422398384713263,0.0005085629904513256,0.0006490733117113272,0.0006490733117113272,0.0005738527512997055,0.00016456191376844557,0.0023861374574926934,0.0007682416368014961
Global Average,0.00040402555168636615,0.002025118294499005,0.0006729239709453423,0.000623560228828202,0.00010796007982199107,0.0003496068701102676,0.00016954834856337277,0.00022422398384713263,0.0005085629904513256,0.0006490733117113272,0.0006490733117113272,0.0005738527512997055,0.00016456191376844557,0.0023861374574926934,0.0007682416368014961
