Region,bulk_carrier_capesize_ice,bulk_carrier_handy_ice,bulk_carrier_ice,bulk_carrier_panamax_ice,container_15000_teu_ice,container_3500_teu_ice,container_8000_teu_ice,container_ice,fleet,gas_carrier_100k_cbm_ice,gas_carrier_ice,tanker_100k_dwt_ice,tanker_300k_dwt_ice,tanker_35k_dwt_ice,tanker_ice
Global,34.11706251549135,32.71417319903031,33.81250243227105,34.041336710192724,34.18509980928935,33.61392032052602,34.09878736819942,33.909430312080524,31.364991876492677,33.68204031134166,33.68204031134166,29.07224914342377,31.579218291806022,24.61852471337006,27.447780160122072
Global Average,34.11706251549135,32.71417319903031,33.81250243227105,34.041336710192724,34.18509980928935,33.61392032052602,34.09878736819942,33.909430312080524,31.364991876492677,33.68204031134166,33.68204031134166,29.07224914342377,31.579218291806022,24.61852471337006,27.447780160122072
