Region,bulk_carrier_capesize_ice,bulk_carrier_handy_ice,bulk_carrier_ice,bulk_carrier_panamax_ice,container_15000_teu_ice,container_3500_teu_ice,container_8000_teu_ice,container_ice,fleet,gas_carrier_100k_cbm_ice,gas_carrier_ice,tanker_100k_dwt_ice,tanker_300k_dwt_ice,tanker_35k_dwt_ice,tanker_ice
Global,0.00042174795466688416,0.0013578081250610488,0.0006451427507056636,0.000654549216567596,0.000313041812509343,0.0005480127222345952,0.0003969625763159043,0.00043448865615735617,0.0006429485277963416,0.0027224424053714767,0.0027224424053714762,0.0006324357035437726,0.00027519618284290673,0.0015492758819247525,0.0006711572477768611
Global Average,0.00042174795466688416,0.0013578081250610488,0.0006451427507056636,0.000654549216567596,0.000313041812509343,0.0005480127222345952,0.0003969625763159043,0.00043448865615735617,0.0006429485277963416,0.0027224424053714767,0.0027224424053714762,0.0006324357035437726,0.00027519618284290673,0.0015492758819247525,0.0006711572477768611
