Region,bulk_carrier_capesize_ice,bulk_carrier_handy_ice,bulk_carrier_ice,bulk_carrier_panamax_ice,container_15000_teu_ice,container_3500_teu_ice,container_8000_teu_ice,container_ice,fleet,gas_carrier_100k_cbm_ice,gas_carrier_ice,tanker_100k_dwt_ice,tanker_300k_dwt_ice,tanker_35k_dwt_ice,tanker_ice
Global,0.0004812983475277696,0.002245302912979695,0.0007044168904214035,0.0006402238301539798,0.0002595737697098292,0.00045458734229062884,0.00033311240274166304,0.0003618315449334369,0.000580892306375779,0.0012698499895639303,0.0012698499895639303,0.0006020668021745365,0.0002592017191636824,0.001650134076269858,0.0006497514782617387
Global Average,0.0004812983475277696,0.002245302912979695,0.0007044168904214035,0.0006402238301539798,0.0002595737697098292,0.00045458734229062884,0.00033311240274166304,0.0003618315449334369,0.000580892306375779,0.0012698499895639303,0.0012698499895639303,0.0006020668021745365,0.0002592017191636824,0.001650134076269858,0.0006497514782617387
