Region,bulk_carrier_capesize_ice,bulk_carrier_handy_ice,bulk_carrier_ice,bulk_carrier_panamax_ice,container_15000_teu_ice,container_3500_teu_ice,container_8000_teu_ice,container_ice,fleet,gas_carrier_100k_cbm_ice,gas_carrier_ice,tanker_100k_dwt_ice,tanker_300k_dwt_ice,tanker_35k_dwt_ice,tanker_ice
Global,5.576350479184116,12.17392047108587,8.447281170820242,8.91631018170663,3.1183904893976226,6.358431277172218,2.8732254827772983,4.3858962367986685,6.664186926233127,6.262851428860739,6.262851428860739,6.071977380840063,3.5939670782645683,9.672319651976307,7.307133129144426
Global Average,5.576350479184116,12.17392047108587,8.447281170820242,8.91631018170663,3.1183904893976226,6.358431277172218,2.8732254827772983,4.3858962367986685,6.664186926233127,6.262851428860739,6.262851428860739,6.071977380840063,3.5939670782645683,9.672319651976307,7.307133129144426
