Region,bulk_carrier_capesize_ice,bulk_carrier_handy_ice,bulk_carrier_ice,bulk_carrier_panamax_ice,container_15000_teu_ice,container_3500_teu_ice,container_8000_teu_ice,container_ice,fleet,gas_carrier_100k_cbm_ice,gas_carrier_ice,tanker_100k_dwt_ice,tanker_300k_dwt_ice,tanker_35k_dwt_ice,tanker_ice
Global,0.005791834405464765,0.018741798397957317,0.007250621393976359,0.006578071560090153,0.004880530674808345,0.008246541929648611,0.008070068762817502,0.007311167938896565,0.007275134818274981,0.015019215500437976,0.015019215500437976,0.005724593895095987,0.0027606178451327927,0.015729665789409923,0.006307870510792418
Global Average,0.005791834405464765,0.018741798397957317,0.007250621393976359,0.006578071560090153,0.004880530674808345,0.008246541929648611,0.008070068762817502,0.007311167938896565,0.007275134818274981,0.015019215500437976,0.015019215500437976,0.005724593895095987,0.0027606178451327927,0.015729665789409923,0.006307870510792418
