Region,bulk_carrier_capesize_ice,bulk_carrier_handy_ice,bulk_carrier_ice,bulk_carrier_panamax_ice,container_15000_teu_ice,container_3500_teu_ice,container_8000_teu_ice,container_ice,fleet,gas_carrier_100k_cbm_ice,gas_carrier_ice,tanker_100k_dwt_ice,tanker_300k_dwt_ice,tanker_35k_dwt_ice,tanker_ice
Global,0.00033305539237960663,0.0015537960945520817,0.00048486502740047546,0.000438279326030153,0.00016168143509610522,0.0002559073068978278,0.0001910022411532586,0.0002089368568844449,0.0004045975338784989,0.0011299623967286128,0.0011299623967286128,0.00043530243812778285,0.00018696176898201899,0.0011571767715777405,0.00046317336904533893
Global Average,0.00033305539237960663,0.0015537960945520817,0.00048486502740047546,0.000438279326030153,0.00016168143509610522,0.0002559073068978278,0.0001910022411532586,0.0002089368568844449,0.0004045975338784989,0.0011299623967286128,0.0011299623967286128,0.00043530243812778285,0.00018696176898201899,0.0011571767715777405,0.00046317336904533893
