Region,bulk_carrier_capesize_ice,bulk_carrier_handy_ice,bulk_carrier_ice,bulk_carrier_panamax_ice,container_15000_teu_ice,container_3500_teu_ice,container_8000_teu_ice,container_ice,fleet,gas_carrier_100k_cbm_ice,gas_carrier_ice,tanker_100k_dwt_ice,tanker_300k_dwt_ice,tanker_35k_dwt_ice,tanker_ice
Global,36.49263047489759,29.707682469963373,30.26609323962744,28.49496344485848,40.29394059196173,30.44621349729288,33.74961607163074,32.261988730467515,37.12306440676497,32.45366558556636,32.45366558556636,41.744115720948486,36.19270576858814,58.95163130276067,50.02208905486374
Global Average,36.49263047489759,29.707682469963373,30.26609323962744,28.49496344485848,40.29394059196173,30.44621349729288,33.74961607163074,32.261988730467515,37.12306440676497,32.45366558556636,32.45366558556636,41.744115720948486,36.19270576858814,58.95163130276067,50.02208905486374
