Region,bulk_carrier_capesize_ice,bulk_carrier_handy_ice,bulk_carrier_ice,bulk_carrier_panamax_ice,container_15000_teu_ice,container_3500_teu_ice,container_8000_teu_ice,container_ice,fleet,gas_carrier_100k_cbm_ice,gas_carrier_ice,tanker_100k_dwt_ice,tanker_300k_dwt_ice,tanker_35k_dwt_ice,tanker_ice
Global,0.00039001639753573185,0.0025286258767342968,0.0006836068358035953,0.0006316744853875096,7.217921209647554e-05,0.0002878957202600563,0.00011797197247701265,0.00017296881895670807,0.0004849267056131557,0.000635056385758329,0.000635056385758329,0.0005417796887945169,0.00014964589330178788,0.002661506574628802,0.0007591859928514259
Global Average,0.00039001639753573185,0.0025286258767342968,0.0006836068358035953,0.0006316744853875096,7.217921209647554e-05,0.0002878957202600563,0.00011797197247701265,0.00017296881895670807,0.0004849267056131557,0.000635056385758329,0.000635056385758329,0.0005417796887945169,0.00014964589330178788,0.002661506574628802,0.0007591859928514259
