Region,bulk_carrier_capesize_ice,bulk_carrier_handy_ice,bulk_carrier_ice,bulk_carrier_panamax_ice,container_15000_teu_ice,container_3500_teu_ice,container_8000_teu_ice,container_ice,fleet,gas_carrier_100k_cbm_ice,gas_carrier_ice,tanker_100k_dwt_ice,tanker_300k_dwt_ice,tanker_35k_dwt_ice,tanker_ice
Global,0.00046967724673240507,0.0022411042570437624,0.0006827674948289891,0.0006151526882919296,0.0002595737697098292,0.00045458734229062884,0.00033311240274166304,0.0003618315449334369,0.00057612637225129,0.0012698499895639303,0.0012698499895639303,0.0005994683900573571,0.00025754574257559425,0.0016501340762698573,0.0006468962763956916
Global Average,0.00046967724673240507,0.0022411042570437624,0.0006827674948289891,0.0006151526882919296,0.0002595737697098292,0.00045458734229062884,0.00033311240274166304,0.0003618315449334369,0.00057612637225129,0.0012698499895639303,0.0012698499895639303,0.0005994683900573571,0.00025754574257559425,0.0016501340762698573,0.0006468962763956916
