Region,bulk_carrier_capesize_ice,bulk_carrier_handy_ice,bulk_carrier_ice,bulk_carrier_panamax_ice,container_15000_teu_ice,container_3500_teu_ice,container_8000_teu_ice,container_ice,fleet,gas_carrier_100k_cbm_ice,gas_carrier_ice,tanker_100k_dwt_ice,tanker_300k_dwt_ice,tanker_35k_dwt_ice,tanker_ice
Global,0.0030024521500854923,0.006485533106451406,0.0033099045899945222,0.0029660446257856847,0.0013873681610782746,0.0021618523271305585,0.002357982293295844,0.00203007866021685,0.0028250045671987002,0.0040842143316718055,0.0040842143316718055,0.0032310084181541654,0.00172095017435987,0.006945047736538155,0.003362889995322391
Global Average,0.0030024521500854923,0.006485533106451406,0.0033099045899945222,0.0029660446257856847,0.0013873681610782746,0.0021618523271305585,0.002357982293295844,0.00203007866021685,0.0028250045671987002,0.0040842143316718055,0.0040842143316718055,0.0032310084181541654,0.00172095017435987,0.006945047736538155,0.003362889995322391
