Region,bulk_carrier_capesize_ice,bulk_carrier_handy_ice,bulk_carrier_ice,bulk_carrier_panamax_ice,container_15000_teu_ice,container_3500_teu_ice,container_8000_teu_ice,container_ice,fleet,gas_carrier_100k_cbm_ice,gas_carrier_ice,tanker_100k_dwt_ice,tanker_300k_dwt_ice,tanker_35k_dwt_ice,tanker_ice
Global,0.003722710811749591,0.008530337814981524,0.00484333816177915,0.0048636706011388866,0.0023443238078910806,0.003959626112495855,0.00383040771909824,0.0034967757499072476,0.0048043626125807695,0.01378152568430403,0.013781525684304028,0.005012424714319666,0.002442143168794547,0.012320104888109652,0.00543106239487805
Global Average,0.003722710811749591,0.008530337814981524,0.00484333816177915,0.0048636706011388866,0.0023443238078910806,0.003959626112495855,0.00383040771909824,0.0034967757499072476,0.0048043626125807695,0.01378152568430403,0.013781525684304028,0.005012424714319666,0.002442143168794547,0.012320104888109652,0.00543106239487805
