Region,bulk_carrier_capesize_ice,bulk_carrier_handy_ice,bulk_carrier_ice,bulk_carrier_panamax_ice,container_15000_teu_ice,container_3500_teu_ice,container_8000_teu_ice,container_ice,fleet,gas_carrier_100k_cbm_ice,gas_carrier_ice,tanker_100k_dwt_ice,tanker_300k_dwt_ice,tanker_35k_dwt_ice,tanker_ice
Global,0.00029184689963800717,0.000939631329775067,0.00044406538479080046,0.0004480860848647487,0.0001949852234614287,0.00030850058249783704,0.00022761308527173045,0.0002508921497880028,0.0004478203376116499,0.002422536181919849,0.0024225361819198484,0.00045725956441600217,0.00019849854903515612,0.0010864487250524212,0.0004784324068698491
Global Average,0.00029184689963800717,0.000939631329775067,0.00044406538479080046,0.0004480860848647487,0.0001949852234614287,0.00030850058249783704,0.00022761308527173045,0.0002508921497880028,0.0004478203376116499,0.002422536181919849,0.0024225361819198484,0.00045725956441600217,0.00019849854903515612,0.0010864487250524212,0.0004784324068698491
