Region,bulk_carrier_capesize_ice,bulk_carrier_handy_ice,bulk_carrier_ice,bulk_carrier_panamax_ice,container_15000_teu_ice,container_3500_teu_ice,container_8000_teu_ice,container_ice,fleet,gas_carrier_100k_cbm_ice,gas_carrier_ice,tanker_100k_dwt_ice,tanker_300k_dwt_ice,tanker_35k_dwt_ice,tanker_ice
Global,0.005315202586215216,0.013838978281443629,0.0064383547176294865,0.005883310377579389,0.004332862510573904,0.007318321590632368,0.007079495567305505,0.006462865114306343,0.006507557263113156,0.01378152568430403,0.013781525684304028,0.005262874022258292,0.002564166560939331,0.012935687548961078,0.005702429227437712
Global Average,0.005315202586215216,0.013838978281443629,0.0064383547176294865,0.005883310377579389,0.004332862510573904,0.007318321590632368,0.007079495567305505,0.006462865114306343,0.006507557263113156,0.01378152568430403,0.013781525684304028,0.005262874022258292,0.002564166560939331,0.012935687548961078,0.005702429227437712
