Region,bulk_carrier_capesize_ice,bulk_carrier_handy_ice,bulk_carrier_ice,bulk_carrier_panamax_ice,container_15000_teu_ice,container_3500_teu_ice,container_8000_teu_ice,container_ice,fleet,gas_carrier_100k_cbm_ice,gas_carrier_ice,tanker_100k_dwt_ice,tanker_300k_dwt_ice,tanker_35k_dwt_ice,tanker_ice
Global,0.00010484524811374175,0.0002689028255893829,0.00011967430180312777,0.00010805375747065665,9.14153157208835e-05,0.00014066984888746881,0.0001569161219124393,0.00013350933343055552,0.00011574156399088802,0.00023954266007626107,0.00023954266007626107,8.552667226989867e-05,4.878899275174254e-05,0.00016552122188581876,8.48714217941241e-05
Global Average,0.00010484524811374175,0.0002689028255893829,0.00011967430180312777,0.00010805375747065665,9.14153157208835e-05,0.00014066984888746881,0.0001569161219124393,0.00013350933343055552,0.00011574156399088802,0.00023954266007626107,0.00023954266007626107,8.552667226989867e-05,4.878899275174254e-05,0.00016552122188581876,8.48714217941241e-05
