Region,bulk_carrier_capesize_ice,bulk_carrier_handy_ice,bulk_carrier_ice,bulk_carrier_panamax_ice,container_15000_teu_ice,container_3500_teu_ice,container_8000_teu_ice,container_ice,fleet,gas_carrier_100k_cbm_ice,gas_carrier_ice,tanker_100k_dwt_ice,tanker_300k_dwt_ice,tanker_35k_dwt_ice,tanker_ice
Global,0.004136181786978329,0.00882011577076629,0.004599202810505945,0.004161252792705676,0.0034832345335427187,0.005427714786555492,0.005920133951399611,0.005096873557758193,0.004763361424729235,0.009542556849700479,0.009542556849700479,0.0038899844550720724,0.0020719442848242202,0.00836151573702828,0.004048763764408525
Global Average,0.004136181786978329,0.00882011577076629,0.004599202810505945,0.004161252792705676,0.0034832345335427187,0.005427714786555492,0.005920133951399611,0.005096873557758193,0.004763361424729235,0.009542556849700479,0.009542556849700479,0.0038899844550720724,0.0020719442848242202,0.00836151573702828,0.004048763764408525
