Region,bulk_carrier_capesize_ice,bulk_carrier_handy_ice,bulk_carrier_ice,bulk_carrier_panamax_ice,container_15000_teu_ice,container_3500_teu_ice,container_8000_teu_ice,container_ice,fleet,gas_carrier_100k_cbm_ice,gas_carrier_ice,tanker_100k_dwt_ice,tanker_300k_dwt_ice,tanker_35k_dwt_ice,tanker_ice
Global,0.0028584072573137353,0.0053215205552959305,0.0034020417490754113,0.0033769565132622933,0.0018601579153570231,0.002900447459581717,0.0031503048364559766,0.0027191945723874103,0.0034633939712857362,0.00936813921071654,0.00936813921071654,0.00365225924936063,0.0019493757919338086,0.007787489384923755,0.0037984153834619574
Global Average,0.0028584072573137353,0.0053215205552959305,0.0034020417490754113,0.0033769565132622933,0.0018601579153570231,0.002900447459581717,0.0031503048364559766,0.0027191945723874103,0.0034633939712857362,0.00936813921071654,0.00936813921071654,0.00365225924936063,0.0019493757919338086,0.007787489384923755,0.0037984153834619574
