Region,bulk_carrier_capesize_ice,bulk_carrier_handy_ice,bulk_carrier_ice,bulk_carrier_panamax_ice,container_15000_teu_ice,container_3500_teu_ice,container_8000_teu_ice,container_ice,fleet,gas_carrier_100k_cbm_ice,gas_carrier_ice,tanker_100k_dwt_ice,tanker_300k_dwt_ice,tanker_35k_dwt_ice,tanker_ice
Global,0.00289693730539634,0.0054367140089213286,0.003459811623129533,0.003440063769016508,0.0018846269932463152,0.0029367008451138474,0.0032031274784973763,0.002757697018565306,0.0035166675626348105,0.009542556849700479,0.009542556849700479,0.003704868126893887,0.001973344734459351,0.0079636084679582,0.003856091456746487
Global Average,0.00289693730539634,0.0054367140089213286,0.003459811623129533,0.003440063769016508,0.0018846269932463152,0.0029367008451138474,0.0032031274784973763,0.002757697018565306,0.0035166675626348105,0.009542556849700479,0.009542556849700479,0.003704868126893887,0.001973344734459351,0.0079636084679582,0.003856091456746487
