Region,bulk_carrier_capesize_ice,bulk_carrier_handy_ice,bulk_carrier_ice,bulk_carrier_panamax_ice,container_15000_teu_ice,container_3500_teu_ice,container_8000_teu_ice,container_ice,fleet,gas_carrier_100k_cbm_ice,gas_carrier_ice,tanker_100k_dwt_ice,tanker_300k_dwt_ice,tanker_35k_dwt_ice,tanker_ice
Global,0.003673197753145541,0.008349596456895262,0.004762466985517127,0.004774447573561675,0.0023138862507200465,0.003910744779465885,0.0037672406246954102,0.003447954425736901,0.004731581877422614,0.01352962871273626,0.01352962871273626,0.004941248621430931,0.0024124800348120194,0.012047639763221565,0.00534982927159416
Global Average,0.003673197753145541,0.008349596456895262,0.004762466985517127,0.004774447573561675,0.0023138862507200465,0.003910744779465885,0.0037672406246954102,0.003447954425736901,0.004731581877422614,0.01352962871273626,0.01352962871273626,0.004941248621430931,0.0024124800348120194,0.012047639763221565,0.00534982927159416
