Region,bulk_carrier_capesize_ice,bulk_carrier_handy_ice,bulk_carrier_ice,bulk_carrier_panamax_ice,container_15000_teu_ice,container_3500_teu_ice,container_8000_teu_ice,container_ice,fleet,gas_carrier_100k_cbm_ice,gas_carrier_ice,tanker_100k_dwt_ice,tanker_300k_dwt_ice,tanker_35k_dwt_ice,tanker_ice
Global,51.38076077692845,59.82642931956123,55.408907841592026,56.38848744787282,49.84839903275432,53.01399336963515,47.78454619235493,50.35126503433484,49.65853930455827,56.91404129866059,56.91404129866059,45.08130353412683,45.33512436659805,42.4491025913295,43.908934303140846
Global Average,51.38076077692845,59.82642931956123,55.408907841592026,56.38848744787282,49.84839903275432,53.01399336963515,47.78454619235493,50.35126503433484,49.65853930455827,56.91404129866059,56.91404129866059,45.08130353412683,45.33512436659805,42.4491025913295,43.908934303140846
