Region,bulk_carrier_capesize_ice,bulk_carrier_handy_ice,bulk_carrier_ice,bulk_carrier_panamax_ice,container_15000_teu_ice,container_3500_teu_ice,container_8000_teu_ice,container_ice,fleet,gas_carrier_100k_cbm_ice,gas_carrier_ice,tanker_100k_dwt_ice,tanker_300k_dwt_ice,tanker_35k_dwt_ice,tanker_ice
Global,0.003858302718551538,0.010175960739795018,0.004633485564762568,0.0041934873934688964,0.0017257739711790186,0.0029148787627138227,0.0028197546424141694,0.0025741514682942205,0.0038594339900728273,0.005898492992882125,0.005898492992882125,0.004371326020963845,0.0021297883936636183,0.010744339944806,0.004736419142692497
Global Average,0.003858302718551538,0.010175960739795018,0.004633485564762568,0.0041934873934688964,0.0017257739711790186,0.0029148787627138227,0.0028197546424141694,0.0025741514682942205,0.0038594339900728273,0.005898492992882125,0.005898492992882125,0.004371326020963845,0.0021297883936636183,0.010744339944806,0.004736419142692497
