Region,bulk_carrier_capesize_ice,bulk_carrier_handy_ice,bulk_carrier_ice,bulk_carrier_panamax_ice,container_15000_teu_ice,container_3500_teu_ice,container_8000_teu_ice,container_ice,fleet,gas_carrier_100k_cbm_ice,gas_carrier_ice,tanker_100k_dwt_ice,tanker_300k_dwt_ice,tanker_35k_dwt_ice,tanker_ice
Global,0.0003455583085194841,0.0014995473251476553,0.0006351503868014977,0.0006597990579774129,8.591679928555911e-05,0.00034277868268685476,0.00013826617865619195,0.00020480170637704443,0.0005329729081722611,0.0013366175164311869,0.0013366175164311869,0.0005634581368005021,0.00015795938749345006,0.0024435691784193826,0.0007758771292961669
Global Average,0.0003455583085194841,0.0014995473251476553,0.0006351503868014977,0.0006597990579774129,8.591679928555911e-05,0.00034277868268685476,0.00013826617865619195,0.00020480170637704443,0.0005329729081722611,0.0013366175164311869,0.0013366175164311869,0.0005634581368005021,0.00015795938749345006,0.0024435691784193826,0.0007758771292961669
