Region,bulk_carrier_capesize_ice,bulk_carrier_handy_ice,bulk_carrier_ice,bulk_carrier_panamax_ice,container_15000_teu_ice,container_3500_teu_ice,container_8000_teu_ice,container_ice,fleet,gas_carrier_100k_cbm_ice,gas_carrier_ice,tanker_100k_dwt_ice,tanker_300k_dwt_ice,tanker_35k_dwt_ice,tanker_ice
Global,0.00040402555168636615,0.0017358156809991468,0.0007383837879439534,0.0007690576155547826,0.00014665500213542225,0.0004749125451474125,0.00023031766428495924,0.00030459007518458554,0.0006447465221496167,0.0015165264292320729,0.0015165264292320727,0.0006751208838820064,0.00019360225149228893,0.0028072205382266985,0.0009038136903547014
Global Average,0.00040402555168636615,0.0017358156809991468,0.0007383837879439534,0.0007690576155547826,0.00014665500213542225,0.0004749125451474125,0.00023031766428495924,0.00030459007518458554,0.0006447465221496167,0.0015165264292320729,0.0015165264292320727,0.0006751208838820064,0.00019360225149228893,0.0028072205382266985,0.0009038136903547014
