Region,bulk_carrier_capesize_ice,bulk_carrier_handy_ice,bulk_carrier_ice,bulk_carrier_panamax_ice,container_15000_teu_ice,container_3500_teu_ice,container_8000_teu_ice,container_ice,fleet,gas_carrier_100k_cbm_ice,gas_carrier_ice,tanker_100k_dwt_ice,tanker_300k_dwt_ice,tanker_35k_dwt_ice,tanker_ice
Global,0.005458371394934935,0.014988732860546534,0.006659404879092349,0.0060590451655674156,0.004486374818234433,0.007590156542564408,0.007357707652568202,0.006705477729865721,0.006740507291985958,0.01419518700573236,0.01419518700573236,0.005416012466327507,0.002625801212840427,0.013773475509808753,0.005913180600357235
Global Average,0.005458371394934935,0.014988732860546534,0.006659404879092349,0.0060590451655674156,0.004486374818234433,0.007590156542564408,0.007357707652568202,0.006705477729865721,0.006740507291985958,0.01419518700573236,0.01419518700573236,0.005416012466327507,0.002625801212840427,0.013773475509808753,0.005913180600357235
