Region,bulk_carrier_capesize_ice,bulk_carrier_handy_ice,bulk_carrier_ice,bulk_carrier_panamax_ice,container_15000_teu_ice,container_3500_teu_ice,container_8000_teu_ice,container_ice,fleet,gas_carrier_100k_cbm_ice,gas_carrier_ice,tanker_100k_dwt_ice,tanker_300k_dwt_ice,tanker_35k_dwt_ice,tanker_ice
Global,0.00040491171260279653,0.0017478260608106313,0.0007404228184164955,0.0007710381283500382,0.000147467636637758,0.00047394134345138807,0.0002307039369166134,0.00030446120184947996,0.0006462707604898931,0.0015204874606531433,0.0015204874606531433,0.0006754837591718871,0.0001946678170257109,0.0028238158316729123,0.0009060403739933116
Global Average,0.00040491171260279653,0.0017478260608106313,0.0007404228184164955,0.0007710381283500382,0.000147467636637758,0.00047394134345138807,0.0002307039369166134,0.00030446120184947996,0.0006462707604898931,0.0015204874606531433,0.0015204874606531433,0.0006754837591718871,0.0001946678170257109,0.0028238158316729123,0.0009060403739933116
