Region,bulk_carrier_capesize_ice,bulk_carrier_handy_ice,bulk_carrier_ice,bulk_carrier_panamax_ice,container_15000_teu_ice,container_3500_teu_ice,container_8000_teu_ice,container_ice,fleet,gas_carrier_100k_cbm_ice,gas_carrier_ice,tanker_100k_dwt_ice,tanker_300k_dwt_ice,tanker_35k_dwt_ice,tanker_ice
Global,0.00043606596356312476,0.0016368718210815645,0.0006078845038742652,0.0005488570122204129,0.00023647126609103777,0.0004062895758923428,0.00029922986999797387,0.00032497947952560665,0.000518247522828238,0.0011723587795952472,0.0011723587795952472,0.0005478157058125117,0.000241096889042959,0.0013508993984695556,0.0005841928467861713
Global Average,0.00043606596356312476,0.0016368718210815645,0.0006078845038742652,0.0005488570122204129,0.00023647126609103777,0.0004062895758923428,0.00029922986999797387,0.00032497947952560665,0.000518247522828238,0.0011723587795952472,0.0011723587795952472,0.0005478157058125117,0.000241096889042959,0.0013508993984695556,0.0005841928467861713
