Region,bulk_carrier_capesize_ice,bulk_carrier_handy_ice,bulk_carrier_ice,bulk_carrier_panamax_ice,container_15000_teu_ice,container_3500_teu_ice,container_8000_teu_ice,container_ice,fleet,gas_carrier_100k_cbm_ice,gas_carrier_ice,tanker_100k_dwt_ice,tanker_300k_dwt_ice,tanker_35k_dwt_ice,tanker_ice
Global,0.03212029373720911,0.1106362600820641,0.04932585255305471,0.03639304093222429,0.02817680514165697,0.06052326548670802,0.03318551368097033,0.04387835356422427,0.18539592011657466,0.056725396968295684,0.056725396968295684,0.3105673120587688,0.1740463355282266,0.5439208897095592,0.3970130290128701
Global Average,0.03212029373720911,0.1106362600820641,0.04932585255305471,0.03639304093222429,0.02817680514165697,0.06052326548670802,0.03318551368097033,0.04387835356422427,0.18539592011657466,0.056725396968295684,0.056725396968295684,0.3105673120587688,0.1740463355282266,0.5439208897095592,0.3970130290128701
