Region,bulk_carrier_capesize_ice,bulk_carrier_handy_ice,bulk_carrier_ice,bulk_carrier_panamax_ice,container_15000_teu_ice,container_3500_teu_ice,container_8000_teu_ice,container_ice,fleet,gas_carrier_100k_cbm_ice,gas_carrier_ice,tanker_100k_dwt_ice,tanker_300k_dwt_ice,tanker_35k_dwt_ice,tanker_ice
Global,3.5955538035402483,1.9367545630737204,2.419114277902709,2.2800619425866815,7.9632180222341065,2.405461931355397,4.877429691551797,3.583643147128289,2.562456295344584,1.1132023239677893,1.1132023239677893,2.3297200280444006,4.539549903305485,2.1066240778766443,2.4736647596291435
Global Average,3.5955538035402483,1.9367545630737204,2.419114277902709,2.2800619425866815,7.9632180222341065,2.405461931355397,4.877429691551797,3.583643147128289,2.562456295344584,1.1132023239677893,1.1132023239677893,2.3297200280444006,4.539549903305485,2.1066240778766443,2.4736647596291435
