Region,bulk_carrier_capesize_ice,bulk_carrier_handy_ice,bulk_carrier_ice,bulk_carrier_panamax_ice,container_15000_teu_ice,container_3500_teu_ice,container_8000_teu_ice,container_ice,fleet,gas_carrier_100k_cbm_ice,gas_carrier_ice,tanker_100k_dwt_ice,tanker_300k_dwt_ice,tanker_35k_dwt_ice,tanker_ice
Global,0.002909293309128181,0.00550143547319458,0.0034794948092377316,0.0034548621821967125,0.0018888090911156842,0.0029602329650808496,0.00321918801432624,0.002773615468731246,0.0035469477679597244,0.009626739915680084,0.009626739915680083,0.003738440284751647,0.001979566938693729,0.008146421835188484,0.003908194432725331
Global Average,0.002909293309128181,0.00550143547319458,0.0034794948092377316,0.0034548621821967125,0.0018888090911156842,0.0029602329650808496,0.00321918801432624,0.002773615468731246,0.0035469477679597244,0.009626739915680084,0.009626739915680083,0.003738440284751647,0.001979566938693729,0.008146421835188484,0.003908194432725331
