Region,bulk_carrier_capesize_ice,bulk_carrier_handy_ice,bulk_carrier_ice,bulk_carrier_panamax_ice,container_15000_teu_ice,container_3500_teu_ice,container_8000_teu_ice,container_ice,fleet,gas_carrier_100k_cbm_ice,gas_carrier_ice,tanker_100k_dwt_ice,tanker_300k_dwt_ice,tanker_35k_dwt_ice,tanker_ice
Global,0.00010821410310195795,0.00041780311061647335,0.00015683146095552778,0.00014424746429712428,7.1596940078864e-05,0.0001515655057361818,0.0001071696955934929,0.00011537855233455984,0.00013230640460179836,0.00011324924725419603,0.00011324924725419603,0.00013042341458443946,5.307751246353618e-05,0.0003510449924967857,0.00014316222634743188
Global Average,0.00010821410310195795,0.00041780311061647335,0.00015683146095552778,0.00014424746429712428,7.1596940078864e-05,0.0001515655057361818,0.0001071696955934929,0.00011537855233455984,0.00013230640460179836,0.00011324924725419603,0.00011324924725419603,0.00013042341458443946,5.307751246353618e-05,0.0003510449924967857,0.00014316222634743188
