Region,bulk_carrier_capesize_ice,bulk_carrier_handy_ice,bulk_carrier_ice,bulk_carrier_panamax_ice,container_15000_teu_ice,container_3500_teu_ice,container_8000_teu_ice,container_ice,fleet,gas_carrier_100k_cbm_ice,gas_carrier_ice,tanker_100k_dwt_ice,tanker_300k_dwt_ice,tanker_35k_dwt_ice,tanker_ice
Global,0.003971444451630912,0.01108468176721463,0.004808270730828499,0.004334563637246325,0.0017869177402623062,0.0030231502999149605,0.002930566184216405,0.002670783783764711,0.004005327642880117,0.006075540038453451,0.006075540038453451,0.004502427445278403,0.0021826537473916526,0.01145891015527527,0.004916258912274027
Global Average,0.003971444451630912,0.01108468176721463,0.004808270730828499,0.004334563637246325,0.0017869177402623062,0.0030231502999149605,0.002930566184216405,0.002670783783764711,0.004005327642880117,0.006075540038453451,0.006075540038453451,0.004502427445278403,0.0021826537473916526,0.01145891015527527,0.004916258912274027
