Region,bulk_carrier_capesize_ice,bulk_carrier_handy_ice,bulk_carrier_ice,bulk_carrier_panamax_ice,container_15000_teu_ice,container_3500_teu_ice,container_8000_teu_ice,container_ice,fleet,gas_carrier_100k_cbm_ice,gas_carrier_ice,tanker_100k_dwt_ice,tanker_300k_dwt_ice,tanker_35k_dwt_ice,tanker_ice
Global,0.9678797062627909,0.8893637399179359,0.9506741474469453,0.9636069590677757,0.971823194858343,0.939476734513292,0.9668144863190297,0.9561216464357757,0.8146040798834253,0.9432746030317043,0.9432746030317043,0.6894326879412312,0.8259536644717734,0.4560791102904408,0.6029869709871299
Global Average,0.9678797062627909,0.8893637399179359,0.9506741474469453,0.9636069590677757,0.971823194858343,0.939476734513292,0.9668144863190297,0.9561216464357757,0.8146040798834253,0.9432746030317043,0.9432746030317043,0.6894326879412312,0.8259536644717734,0.4560791102904408,0.6029869709871299
