Region,bulk_carrier_capesize_ice,bulk_carrier_handy_ice,bulk_carrier_ice,bulk_carrier_panamax_ice,container_15000_teu_ice,container_3500_teu_ice,container_8000_teu_ice,container_ice,fleet,gas_carrier_100k_cbm_ice,gas_carrier_ice,tanker_100k_dwt_ice,tanker_300k_dwt_ice,tanker_35k_dwt_ice,tanker_ice
Global,42.84682482429649,40.66614212576324,42.368668581327036,42.727544782453016,42.95344106165068,42.059792251479934,42.81835620338083,42.52097363946424,38.572313001113855,42.16724277291336,42.16724277291336,35.07619336676823,38.88093366021153,28.57246017206504,32.66685515158967
Global Average,42.84682482429649,40.66614212576324,42.368668581327036,42.727544782453016,42.95344106165068,42.059792251479934,42.81835620338083,42.52097363946424,38.572313001113855,42.16724277291336,42.16724277291336,35.07619336676823,38.88093366021153,28.57246017206504,32.66685515158967
