Region,bulk_carrier_capesize_ice,bulk_carrier_handy_ice,bulk_carrier_ice,bulk_carrier_panamax_ice,container_15000_teu_ice,container_3500_teu_ice,container_8000_teu_ice,container_ice,fleet,gas_carrier_100k_cbm_ice,gas_carrier_ice,tanker_100k_dwt_ice,tanker_300k_dwt_ice,tanker_35k_dwt_ice,tanker_ice
Global,0.0003586733964259166,0.0019306342986234772,0.0006089410698690099,0.0005634606129502184,6.59879450141459e-05,0.00026331582058156865,0.00010683889621309706,0.00015764066756265244,0.00044030075368391635,0.0005958295613937074,0.0005958295613937074,0.0004989268026560742,0.00013917646791283513,0.0022485039562854395,0.0006908252458532234
Global Average,0.0003586733964259166,0.0019306342986234772,0.0006089410698690099,0.0005634606129502184,6.59879450141459e-05,0.00026331582058156865,0.00010683889621309706,0.00015764066756265244,0.00044030075368391635,0.0005958295613937074,0.0005958295613937074,0.0004989268026560742,0.00013917646791283513,0.0022485039562854395,0.0006908252458532234
