Region,bulk_carrier_capesize_ice,bulk_carrier_handy_ice,bulk_carrier_ice,bulk_carrier_panamax_ice,container_15000_teu_ice,container_3500_teu_ice,container_8000_teu_ice,container_ice,fleet,gas_carrier_100k_cbm_ice,gas_carrier_ice,tanker_100k_dwt_ice,tanker_300k_dwt_ice,tanker_35k_dwt_ice,tanker_ice
Global,0.00043606596356312476,0.0014030329894984836,0.000667017496750117,0.0006769236484051758,0.00032122701363993455,0.0005519113983459117,0.0004064794810812658,0.00044145823476955323,0.0006570243887775408,0.002739156027091699,0.0027391560270916986,0.0006444890656617785,0.0002836433988740695,0.0015892934099641831,0.0006872857021013781
Global Average,0.00043606596356312476,0.0014030329894984836,0.000667017496750117,0.0006769236484051758,0.00032122701363993455,0.0005519113983459117,0.0004064794810812658,0.00044145823476955323,0.0006570243887775408,0.002739156027091699,0.0027391560270916986,0.0006444890656617785,0.0002836433988740695,0.0015892934099641831,0.0006872857021013781
