Region,bulk_carrier_capesize_ice,bulk_carrier_handy_ice,bulk_carrier_ice,bulk_carrier_panamax_ice,container_15000_teu_ice,container_3500_teu_ice,container_8000_teu_ice,container_ice,fleet,gas_carrier_100k_cbm_ice,gas_carrier_ice,tanker_100k_dwt_ice,tanker_300k_dwt_ice,tanker_35k_dwt_ice,tanker_ice
Global,0.00044659620166978965,0.0017681006324700287,0.0006288153152658065,0.0005674799653225966,0.00024351346582324223,0.00041873359508282987,0.0003089088969440625,0.00033505650344373394,0.0005345598877460155,0.0011987268941363609,0.0011987268941363609,0.0005625738970173043,0.00024687985732317467,0.0014300811032113983,0.000602792291072628
Global Average,0.00044659620166978965,0.0017681006324700287,0.0006288153152658065,0.0005674799653225966,0.00024351346582324223,0.00041873359508282987,0.0003089088969440625,0.00033505650344373394,0.0005345598877460155,0.0011987268941363609,0.0011987268941363609,0.0005625738970173043,0.00024687985732317467,0.0014300811032113983,0.000602792291072628
