Region,bulk_carrier_capesize_ice,bulk_carrier_handy_ice,bulk_carrier_ice,bulk_carrier_panamax_ice,container_15000_teu_ice,container_3500_teu_ice,container_8000_teu_ice,container_ice,fleet,gas_carrier_100k_cbm_ice,gas_carrier_ice,tanker_100k_dwt_ice,tanker_300k_dwt_ice,tanker_35k_dwt_ice,tanker_ice
Global,6.537279109668013e-05,0.00029544114703789815,0.00010732667825692013,0.0001023816872066623,9.76902763460582e-05,0.0002145290947255815,0.00015086853003716224,0.00016207848024903533,0.0001263827929808258,0.00014253526837807484,0.0001425352683780748,9.982501828374279e-05,3.021173282099582e-05,0.0002985015421742745,0.00011131222553484329
Global Average,6.537279109668013e-05,0.00029544114703789815,0.00010732667825692013,0.0001023816872066623,9.76902763460582e-05,0.0002145290947255815,0.00015086853003716224,0.00016207848024903533,0.0001263827929808258,0.00014253526837807484,0.0001425352683780748,9.982501828374279e-05,3.021173282099582e-05,0.0002985015421742745,0.00011131222553484329
