Region,bulk_carrier_capesize_ice,bulk_carrier_handy_ice,bulk_carrier_ice,bulk_carrier_panamax_ice,container_15000_teu_ice,container_3500_teu_ice,container_8000_teu_ice,container_ice,fleet,gas_carrier_100k_cbm_ice,gas_carrier_ice,tanker_100k_dwt_ice,tanker_300k_dwt_ice,tanker_35k_dwt_ice,tanker_ice
Global,0.003751313932384279,0.010088023030256112,0.0044546107028637216,0.003976165222027777,0.001735241618001861,0.0029333076391166867,0.0028387429012195963,0.00259045837061044,0.0038254819063793426,0.005941897808170063,0.005941897808170063,0.004300148219031282,0.0020892632057451315,0.010666597650697487,0.004676117676314379
Global Average,0.003751313932384279,0.010088023030256112,0.0044546107028637216,0.003976165222027777,0.001735241618001861,0.0029333076391166867,0.0028387429012195963,0.00259045837061044,0.0038254819063793426,0.005941897808170063,0.005941897808170063,0.004300148219031282,0.0020892632057451315,0.010666597650697487,0.004676117676314379
