Region,bulk_carrier_capesize_ice,bulk_carrier_handy_ice,bulk_carrier_ice,bulk_carrier_panamax_ice,container_15000_teu_ice,container_3500_teu_ice,container_8000_teu_ice,container_ice,fleet,gas_carrier_100k_cbm_ice,gas_carrier_ice,tanker_100k_dwt_ice,tanker_300k_dwt_ice,tanker_35k_dwt_ice,tanker_ice
Global,0.0002910971093166328,0.0009425529092504306,0.0004434632384451763,0.0004474401152976843,0.0001954077998479566,0.00030943125157753196,0.00022778064037462902,0.000251393806484065,0.00044807648579561565,0.002428036795398205,0.0024280367953982045,0.0004568640376943111,0.0001984184774112202,0.0010905395439721602,0.0004785409957168903
Global Average,0.0002910971093166328,0.0009425529092504306,0.0004434632384451763,0.0004474401152976843,0.0001954077998479566,0.00030943125157753196,0.00022778064037462902,0.000251393806484065,0.00044807648579561565,0.002428036795398205,0.0024280367953982045,0.0004568640376943111,0.0001984184774112202,0.0010905395439721602,0.0004785409957168903
