Region,bulk_carrier_capesize_ice,bulk_carrier_handy_ice,bulk_carrier_ice,bulk_carrier_panamax_ice,container_15000_teu_ice,container_3500_teu_ice,container_8000_teu_ice,container_ice,fleet,gas_carrier_100k_cbm_ice,gas_carrier_ice,tanker_100k_dwt_ice,tanker_300k_dwt_ice,tanker_35k_dwt_ice,tanker_ice
Global,0.6743224859408824,1.3461397044739851,0.9831192598987981,1.0467473890102248,1.2019984980809586,1.6491878344541453,1.0857378980196126,1.3443891388246338,1.0146742009536538,0.6243358933600152,0.6243358933600152,0.8920440367006777,0.5651542747455249,0.9971309777632762,0.8861330185742813
Global Average,0.6743224859408824,1.3461397044739851,0.9831192598987981,1.0467473890102248,1.2019984980809586,1.6491878344541453,1.0857378980196126,1.3443891388246338,1.0146742009536538,0.6243358933600152,0.6243358933600152,0.8920440367006777,0.5651542747455249,0.9971309777632762,0.8861330185742813
