Region,bulk_carrier_capesize_ice,bulk_carrier_handy_ice,bulk_carrier_ice,bulk_carrier_panamax_ice,container_15000_teu_ice,container_3500_teu_ice,container_8000_teu_ice,container_ice,fleet,gas_carrier_100k_cbm_ice,gas_carrier_ice,tanker_100k_dwt_ice,tanker_300k_dwt_ice,tanker_35k_dwt_ice,tanker_ice
Global,0.8988884508850621,0.4841886407684301,0.6047785694756772,0.5700154856466704,1.9908045055585266,0.6013654828388493,1.2193574228879493,0.8959107867820723,0.6578312664751502,0.2783005809919473,0.2783005809919473,0.5824300070111001,1.1348874758263712,0.6319872233629934,0.6730815386113869
Global Average,0.8988884508850621,0.4841886407684301,0.6047785694756772,0.5700154856466704,1.9908045055585266,0.6013654828388493,1.2193574228879493,0.8959107867820723,0.6578312664751502,0.2783005809919473,0.2783005809919473,0.5824300070111001,1.1348874758263712,0.6319872233629934,0.6730815386113869
