Region,bulk_carrier_capesize_ice,bulk_carrier_handy_ice,bulk_carrier_ice,bulk_carrier_panamax_ice,container_15000_teu_ice,container_3500_teu_ice,container_8000_teu_ice,container_ice,fleet,gas_carrier_100k_cbm_ice,gas_carrier_ice,tanker_100k_dwt_ice,tanker_300k_dwt_ice,tanker_35k_dwt_ice,tanker_ice
Global,0.0002988944970215972,0.0011841223698223994,0.00041863236916027705,0.00037564040863347894,0.00014781299683168682,0.0002340585071836166,0.00017297726053549047,0.00019042128978142571,0.00036434992900258876,0.001060165702341907,0.001060165702341907,0.0003991414421248594,0.0001727707877538643,0.000977610415776278,0.00041961496620502713
Global Average,0.0002988944970215972,0.0011841223698223994,0.00041863236916027705,0.00037564040863347894,0.00014781299683168682,0.0002340585071836166,0.00017297726053549047,0.00019042128978142571,0.00036434992900258876,0.001060165702341907,0.001060165702341907,0.0003991414421248594,0.0001727707877538643,0.000977610415776278,0.00041961496620502713
