Region,bulk_carrier_capesize_ice,bulk_carrier_handy_ice,bulk_carrier_ice,bulk_carrier_panamax_ice,container_15000_teu_ice,container_3500_teu_ice,container_8000_teu_ice,container_ice,fleet,gas_carrier_100k_cbm_ice,gas_carrier_ice,tanker_100k_dwt_ice,tanker_300k_dwt_ice,tanker_35k_dwt_ice,tanker_ice
Global,0.0005906867145881096,0.003020338406599828,0.001010133097753984,0.0009540292538670692,0.00028006474414305415,0.0009000690867702892,0.0004398637828107724,0.0005790070873777337,0.0008976940394011543,0.0015511634400028089,0.0015511634400028089,0.000723778856462191,0.00020804486313139532,0.003087740104087182,0.0009736517039411978
Global Average,0.0005906867145881096,0.003020338406599828,0.001010133097753984,0.0009540292538670692,0.00028006474414305415,0.0009000690867702892,0.0004398637828107724,0.0005790070873777337,0.0008976940394011543,0.0015511634400028089,0.0015511634400028089,0.000723778856462191,0.00020804486313139532,0.003087740104087182,0.0009736517039411978
