Region,bulk_carrier_capesize_ice,bulk_carrier_handy_ice,bulk_carrier_ice,bulk_carrier_panamax_ice,container_15000_teu_ice,container_3500_teu_ice,container_8000_teu_ice,container_ice,fleet,gas_carrier_100k_cbm_ice,gas_carrier_ice,tanker_100k_dwt_ice,tanker_300k_dwt_ice,tanker_35k_dwt_ice,tanker_ice
Global,0.0004207407038329522,0.002078543671198112,0.0007093035165803585,0.0006657536888643266,0.00010832353948601268,0.00034784256598007645,0.00016970777447536048,0.00022368186377832566,0.0005188645569952918,0.0006492943446637395,0.0006492943446637395,0.0005895980951199226,0.00016983794178799294,0.00245340655181205,0.0007899767804133502
Global Average,0.0004207407038329522,0.002078543671198112,0.0007093035165803585,0.0006657536888643266,0.00010832353948601268,0.00034784256598007645,0.00016970777447536048,0.00022368186377832566,0.0005188645569952918,0.0006492943446637395,0.0006492943446637395,0.0005895980951199226,0.00016983794178799294,0.00245340655181205,0.0007899767804133502
