Region,bulk_carrier_capesize_ice,bulk_carrier_handy_ice,bulk_carrier_ice,bulk_carrier_panamax_ice,container_15000_teu_ice,container_3500_teu_ice,container_8000_teu_ice,container_ice,fleet,gas_carrier_100k_cbm_ice,gas_carrier_ice,tanker_100k_dwt_ice,tanker_300k_dwt_ice,tanker_35k_dwt_ice,tanker_ice
Global,0.0042331843360088415,0.009536338700350254,0.004740516942577148,0.0042686448755928745,0.0035949262054584467,0.005638782287010794,0.006142273139694063,0.005285251695545869,0.004929660010152242,0.009843259794382915,0.009843259794382915,0.0040022628133240395,0.0021147440236793527,0.008941357264691838,0.004200788332640027
Global Average,0.0042331843360088415,0.009536338700350254,0.004740516942577148,0.0042686448755928745,0.0035949262054584467,0.005638782287010794,0.006142273139694063,0.005285251695545869,0.004929660010152242,0.009843259794382915,0.009843259794382915,0.0040022628133240395,0.0021147440236793527,0.008941357264691838,0.004200788332640027
