Region,bulk_carrier_capesize_ice,bulk_carrier_handy_ice,bulk_carrier_ice,bulk_carrier_panamax_ice,container_15000_teu_ice,container_3500_teu_ice,container_8000_teu_ice,container_ice,fleet,gas_carrier_100k_cbm_ice,gas_carrier_ice,tanker_100k_dwt_ice,tanker_300k_dwt_ice,tanker_35k_dwt_ice,tanker_ice
Global,0.00384190166961119,0.010896784751528358,0.004607992827017469,0.0041110782081200834,0.0017869177402623062,0.0030231502999149605,0.002930566184216405,0.002670783783764711,0.003945892818336363,0.006075540038453451,0.006075540038453451,0.004415994495346572,0.0021393764315764817,0.011291810295498732,0.004824995209950732
Global Average,0.00384190166961119,0.010896784751528358,0.004607992827017469,0.0041110782081200834,0.0017869177402623062,0.0030231502999149605,0.002930566184216405,0.002670783783764711,0.003945892818336363,0.006075540038453451,0.006075540038453451,0.004415994495346572,0.0021393764315764817,0.011291810295498732,0.004824995209950732
