Region,bulk_carrier_capesize_ice,bulk_carrier_handy_ice,bulk_carrier_ice,bulk_carrier_panamax_ice,container_15000_teu_ice,container_3500_teu_ice,container_8000_teu_ice,container_ice,fleet,gas_carrier_100k_cbm_ice,gas_carrier_ice,tanker_100k_dwt_ice,tanker_300k_dwt_ice,tanker_35k_dwt_ice,tanker_ice
Global,0.002909293309128181,0.006418341385393678,0.003171027725887295,0.002801239607186524,0.0013904468124248106,0.0021791754972442672,0.002369805256746262,0.002041797027306507,0.002797760518093435,0.004120244683911076,0.004120244683911076,0.0031776742420389003,0.0016826318978896695,0.006924458559910211,0.0033219652678165307
Global Average,0.002909293309128181,0.006418341385393678,0.003171027725887295,0.002801239607186524,0.0013904468124248106,0.0021791754972442672,0.002369805256746262,0.002041797027306507,0.002797760518093435,0.004120244683911076,0.004120244683911076,0.0031776742420389003,0.0016826318978896695,0.006924458559910211,0.0033219652678165307
