Region,bulk_carrier_capesize_ice,bulk_carrier_handy_ice,bulk_carrier_ice,bulk_carrier_panamax_ice,container_15000_teu_ice,container_3500_teu_ice,container_8000_teu_ice,container_ice,fleet,gas_carrier_100k_cbm_ice,gas_carrier_ice,tanker_100k_dwt_ice,tanker_300k_dwt_ice,tanker_35k_dwt_ice,tanker_ice
Global,0.0004059546596929734,0.002032809823780868,0.0006756984731021614,0.0006260686026208402,0.00010832353948601268,0.00034784256598007645,0.00016970777447536048,0.00022368186377832566,0.0005094738654576706,0.0006492943446637395,0.0006492943446637395,0.0005746582711798698,0.00016553441881250324,0.002391239692317721,0.0007699595617116774
Global Average,0.0004059546596929734,0.002032809823780868,0.0006756984731021614,0.0006260686026208402,0.00010832353948601268,0.00034784256598007645,0.00016970777447536048,0.00022368186377832566,0.0005094738654576706,0.0006492943446637395,0.0006492943446637395,0.0005746582711798698,0.00016553441881250324,0.002391239692317721,0.0007699595617116774
