Region,bulk_carrier_capesize_ice,bulk_carrier_handy_ice,bulk_carrier_ice,bulk_carrier_panamax_ice,container_15000_teu_ice,container_3500_teu_ice,container_8000_teu_ice,container_ice,fleet,gas_carrier_100k_cbm_ice,gas_carrier_ice,tanker_100k_dwt_ice,tanker_300k_dwt_ice,tanker_35k_dwt_ice,tanker_ice
Global,0.0006226051537432871,0.002276175163393631,0.0008866808600795672,0.0008188366877803176,0.0005937031736397187,0.0010200622452419023,0.0007512698113486803,0.0008159187860391343,0.0008899461131504857,0.002739156027091699,0.0027391560270916986,0.0006766914127629483,0.00029781583975810425,0.0016687035671880555,0.0007216264130861545
Global Average,0.0006226051537432871,0.002276175163393631,0.0008866808600795672,0.0008188366877803176,0.0005937031736397187,0.0010200622452419023,0.0007512698113486803,0.0008159187860391343,0.0008899461131504857,0.002739156027091699,0.0027391560270916986,0.0006766914127629483,0.00029781583975810425,0.0016687035671880555,0.0007216264130861545
