Region,bulk_carrier_capesize_ice,bulk_carrier_handy_ice,bulk_carrier_ice,bulk_carrier_panamax_ice,container_15000_teu_ice,container_3500_teu_ice,container_8000_teu_ice,container_ice,fleet,gas_carrier_100k_cbm_ice,gas_carrier_ice,tanker_100k_dwt_ice,tanker_300k_dwt_ice,tanker_35k_dwt_ice,tanker_ice
Global,0.0004059546596929734,0.0017424084203836012,0.0007414281844889786,0.000772151276565703,0.00014714873257625852,0.0004725158812471324,0.00023053423144109278,0.000303853649090981,0.0006459013122218017,0.0015170428613638775,0.0015170428613638773,0.0006760685543292585,0.00019474637507353325,0.002813223167432613,0.0009058347784843264
Global Average,0.0004059546596929734,0.0017424084203836012,0.0007414281844889786,0.000772151276565703,0.00014714873257625852,0.0004725158812471324,0.00023053423144109278,0.000303853649090981,0.0006459013122218017,0.0015170428613638775,0.0015170428613638773,0.0006760685543292585,0.00019474637507353325,0.002813223167432613,0.0009058347784843264
