Region,bulk_carrier_capesize_ice,bulk_carrier_handy_ice,bulk_carrier_ice,bulk_carrier_panamax_ice,container_15000_teu_ice,container_3500_teu_ice,container_8000_teu_ice,container_ice,fleet,gas_carrier_100k_cbm_ice,gas_carrier_ice,tanker_100k_dwt_ice,tanker_300k_dwt_ice,tanker_35k_dwt_ice,tanker_ice
Global,36.666872488397594,29.820514155023307,30.390881989319123,28.609589131717282,40.42959464236452,30.29256554350692,33.78135075596737,32.18398694292308,37.189554639365355,32.46471723318698,32.46471723318698,41.80271213791599,36.406592372797014,59.077686516084874,50.1339473410202
Global Average,36.666872488397594,29.820514155023307,30.390881989319123,28.609589131717282,40.42959464236452,30.29256554350692,33.78135075596737,32.18398694292308,37.189554639365355,32.46471723318698,32.46471723318698,41.80271213791599,36.406592372797014,59.077686516084874,50.1339473410202
