Region,bulk_carrier_capesize_ice,bulk_carrier_handy_ice,bulk_carrier_ice,bulk_carrier_panamax_ice,container_15000_teu_ice,container_3500_teu_ice,container_8000_teu_ice,container_ice,fleet,gas_carrier_100k_cbm_ice,gas_carrier_ice,tanker_100k_dwt_ice,tanker_300k_dwt_ice,tanker_35k_dwt_ice,tanker_ice
Global,39.386603160540304,24.01226063524938,27.340813921871067,25.081234781546357,88.25817064315804,35.38254029573646,59.56350100231671,46.758977903256955,37.82999653892516,58.61793897976236,58.61793897976236,39.850087266109966,53.02532382512278,33.37516160924785,38.03822288104252
Global Average,39.386603160540304,24.01226063524938,27.340813921871067,25.081234781546357,88.25817064315804,35.38254029573646,59.56350100231671,46.758977903256955,37.82999653892516,58.61793897976236,58.61793897976236,39.850087266109966,53.02532382512278,33.37516160924785,38.03822288104252
