Region,bulk_carrier_capesize_ice,bulk_carrier_handy_ice,bulk_carrier_ice,bulk_carrier_panamax_ice,container_15000_teu_ice,container_3500_teu_ice,container_8000_teu_ice,container_ice,fleet,gas_carrier_100k_cbm_ice,gas_carrier_ice,tanker_100k_dwt_ice,tanker_300k_dwt_ice,tanker_35k_dwt_ice,tanker_ice
Global,0.00046165471158985235,0.001798588601155244,0.000656145612415427,0.0005983291725500745,0.00024351346582324223,0.00041873359508282987,0.0003089088969440625,0.00033505650344373394,0.000542611670852914,0.0011987268941363609,0.0011987268941363609,0.0005735849889752068,0.00025187397495300484,0.0014512439057702547,0.0006141939720736318
Global Average,0.00046165471158985235,0.001798588601155244,0.000656145612415427,0.0005983291725500745,0.00024351346582324223,0.00041873359508282987,0.0003089088969440625,0.00033505650344373394,0.000542611670852914,0.0011987268941363609,0.0011987268941363609,0.0005735849889752068,0.00025187397495300484,0.0014512439057702547,0.0006141939720736318
