Region,bulk_carrier_capesize_ice,bulk_carrier_handy_ice,bulk_carrier_ice,bulk_carrier_panamax_ice,container_15000_teu_ice,container_3500_teu_ice,container_8000_teu_ice,container_ice,fleet,gas_carrier_100k_cbm_ice,gas_carrier_ice,tanker_100k_dwt_ice,tanker_300k_dwt_ice,tanker_35k_dwt_ice,tanker_ice
Global,0.14656848500866296,0.20912520576500596,0.17965975544415727,0.19026313029016947,0.16477664305095913,0.13327849591141816,0.1106810029432747,0.12967203548794554,0.12424547762730775,0.056963452720923645,0.056963452720923645,0.08837959891802936,0.11923634310526453,0.10555279672892998,0.10165200152030482
Global Average,0.14656848500866296,0.20912520576500596,0.17965975544415727,0.19026313029016947,0.16477664305095913,0.13327849591141816,0.1106810029432747,0.12967203548794554,0.12424547762730775,0.056963452720923645,0.056963452720923645,0.08837959891802936,0.11923634310526453,0.10555279672892998,0.10165200152030482
