Region,bulk_carrier_capesize_ice,bulk_carrier_handy_ice,bulk_carrier_ice,bulk_carrier_panamax_ice,container_15000_teu_ice,container_3500_teu_ice,container_8000_teu_ice,container_ice,fleet,gas_carrier_100k_cbm_ice,gas_carrier_ice,tanker_100k_dwt_ice,tanker_300k_dwt_ice,tanker_35k_dwt_ice,tanker_ice
Global,0.003887947647659531,0.010314981843918903,0.004676155359699944,0.004228205428315021,0.001735241618001861,0.0029333076391166867,0.0028387429012195963,0.00259045837061044,0.003895993708850876,0.005941897808170063,0.005941897808170063,0.004411942411389387,0.002143579355052748,0.010943905224490194,0.00479768622985433
Global Average,0.003887947647659531,0.010314981843918903,0.004676155359699944,0.004228205428315021,0.001735241618001861,0.0029333076391166867,0.0028387429012195963,0.00259045837061044,0.003895993708850876,0.005941897808170063,0.005941897808170063,0.004411942411389387,0.002143579355052748,0.010943905224490194,0.00479768622985433
