Region,bulk_carrier_capesize_ice,bulk_carrier_handy_ice,bulk_carrier_ice,bulk_carrier_panamax_ice,container_15000_teu_ice,container_3500_teu_ice,container_8000_teu_ice,container_ice,fleet,gas_carrier_100k_cbm_ice,gas_carrier_ice,tanker_100k_dwt_ice,tanker_300k_dwt_ice,tanker_35k_dwt_ice,tanker_ice
Global,338.82835518309616,147.9872981971491,200.35497129001317,181.69966173967572,647.6442290868347,255.4529623677549,565.0688069451681,372.72256662943056,279.24487991429345,297.09489040850315,297.09489040850315,312.8082673924866,459.49932610208873,263.52770666429086,304.47344120722204
Global Average,338.82835518309616,147.9872981971491,200.35497129001317,181.69966173967572,647.6442290868347,255.4529623677549,565.0688069451681,372.72256662943056,279.24487991429345,297.09489040850315,297.09489040850315,312.8082673924866,459.49932610208873,263.52770666429086,304.47344120722204
