Region,bulk_carrier_capesize_ice,bulk_carrier_handy_ice,bulk_carrier_ice,bulk_carrier_panamax_ice,container_15000_teu_ice,container_3500_teu_ice,container_8000_teu_ice,container_ice,fleet,gas_carrier_100k_cbm_ice,gas_carrier_ice,tanker_100k_dwt_ice,tanker_300k_dwt_ice,tanker_35k_dwt_ice,tanker_ice
Global,98.94395906416457,37.04429194951204,54.218621753551936,48.32819056865451,195.3013866965987,72.50684364876854,177.6137425880687,111.28568831915297,84.8268721777179,78.45824336780684,78.45824336780684,105.2859751586665,153.21404408817423,94.42561316052402,105.28274336806611
Global Average,98.94395906416457,37.04429194951204,54.218621753551936,48.32819056865451,195.3013866965987,72.50684364876854,177.6137425880687,111.28568831915297,84.8268721777179,78.45824336780684,78.45824336780684,105.2859751586665,153.21404408817423,94.42561316052402,105.28274336806611
