Region,bulk_carrier_capesize_ice,bulk_carrier_handy_ice,bulk_carrier_ice,bulk_carrier_panamax_ice,container_15000_teu_ice,container_3500_teu_ice,container_8000_teu_ice,container_ice,fleet,gas_carrier_100k_cbm_ice,gas_carrier_ice,tanker_100k_dwt_ice,tanker_300k_dwt_ice,tanker_35k_dwt_ice,tanker_ice
Global,0.09226127795007968,0.048943256106556116,0.061647725886801376,0.05810837475038873,0.2008981000323357,0.060569185321898485,0.12360340730803028,0.09047360815825169,0.06675467582748841,0.028131466670666152,0.028131466670666152,0.059373932753558754,0.11544722733201959,0.06388318503308237,0.06830463915494446
Global Average,0.09226127795007968,0.048943256106556116,0.061647725886801376,0.05810837475038873,0.2008981000323357,0.060569185321898485,0.12360340730803028,0.09047360815825169,0.06675467582748841,0.028131466670666152,0.028131466670666152,0.059373932753558754,0.11544722733201959,0.06388318503308237,0.06830463915494446
