Region,bulk_carrier_capesize_ice,bulk_carrier_handy_ice,bulk_carrier_ice,bulk_carrier_panamax_ice,container_15000_teu_ice,container_3500_teu_ice,container_8000_teu_ice,container_ice,fleet,gas_carrier_100k_cbm_ice,gas_carrier_ice,tanker_100k_dwt_ice,tanker_300k_dwt_ice,tanker_35k_dwt_ice,tanker_ice
Global,9.918845027170077e-05,0.00022258013900322313,0.00011149824788071851,0.0001000577851402644,8.332328837853487e-05,0.0001325345059425862,0.0001420646868667274,0.00012313737901758435,0.00012647962742002672,0.0002324492381750692,0.00023244923817506918,0.00011327671895073122,5.455308466880337e-05,0.0002988310569792357,0.00012650306316808207
Global Average,9.918845027170077e-05,0.00022258013900322313,0.00011149824788071851,0.0001000577851402644,8.332328837853487e-05,0.0001325345059425862,0.0001420646868667274,0.00012313737901758435,0.00012647962742002672,0.0002324492381750692,0.00023244923817506918,0.00011327671895073122,5.455308466880337e-05,0.0002988310569792357,0.00012650306316808207
