Region,bulk_carrier_capesize_ice,bulk_carrier_handy_ice,bulk_carrier_ice,bulk_carrier_panamax_ice,container_15000_teu_ice,container_3500_teu_ice,container_8000_teu_ice,container_ice,fleet,gas_carrier_100k_cbm_ice,gas_carrier_ice,tanker_100k_dwt_ice,tanker_300k_dwt_ice,tanker_35k_dwt_ice,tanker_ice
Global,0.0018284317599665965,0.005777251084255126,0.0023347008929505073,0.0020923654121781507,0.0008019020350301134,0.0014693470101797494,0.0012672243944156978,0.0012261463884123368,0.002069412445894792,0.003292146872267762,0.003292146872267762,0.002456317006261331,0.0010492772093283363,0.007226080126790634,0.002836990592514364
Global Average,0.0018284317599665965,0.005777251084255126,0.0023347008929505073,0.0020923654121781507,0.0008019020350301134,0.0014693470101797494,0.0012672243944156978,0.0012261463884123368,0.002069412445894792,0.003292146872267762,0.003292146872267762,0.002456317006261331,0.0010492772093283363,0.007226080126790634,0.002836990592514364
