Region,bulk_carrier_capesize_ice,bulk_carrier_handy_ice,bulk_carrier_ice,bulk_carrier_panamax_ice,container_15000_teu_ice,container_3500_teu_ice,container_8000_teu_ice,container_ice,fleet,gas_carrier_100k_cbm_ice,gas_carrier_ice,tanker_100k_dwt_ice,tanker_300k_dwt_ice,tanker_35k_dwt_ice,tanker_ice
Global,0.00037362757975636327,0.0012574800853029104,0.0005798500207429543,0.0005910260515125911,0.0002768408065727839,0.00047787852262199163,0.00034295568107548614,0.0003787675893479573,0.0005865964230506289,0.0027457930393065236,0.0027457930393065236,0.0005826252447318705,0.00024974288982991365,0.0014546201034459185,0.0006155008765475758
Global Average,0.00037362757975636327,0.0012574800853029104,0.0005798500207429543,0.0005910260515125911,0.0002768408065727839,0.00047787852262199163,0.00034295568107548614,0.0003787675893479573,0.0005865964230506289,0.0027457930393065236,0.0027457930393065236,0.0005826252447318705,0.00024974288982991365,0.0014546201034459185,0.0006155008765475758
