Region,bulk_carrier_capesize_ice,bulk_carrier_handy_ice,bulk_carrier_ice,bulk_carrier_panamax_ice,container_15000_teu_ice,container_3500_teu_ice,container_8000_teu_ice,container_ice,fleet,gas_carrier_100k_cbm_ice,gas_carrier_ice,tanker_100k_dwt_ice,tanker_300k_dwt_ice,tanker_35k_dwt_ice,tanker_ice
Global,0.4379441765979705,0.33969478240251155,0.2959337861934603,0.2262177079772545,0.8171133248238035,0.44511189388349587,0.7979397871448565,0.5712788593123224,1.1566131182608967,0.4641446562099952,0.4641446562099952,2.231016328110262,1.9757032344571361,3.367299124388359,2.790722669477638
Global Average,0.4379441765979705,0.33969478240251155,0.2959337861934603,0.2262177079772545,0.8171133248238035,0.44511189388349587,0.7979397871448565,0.5712788593123224,1.1566131182608967,0.4641446562099952,0.4641446562099952,2.231016328110262,1.9757032344571361,3.367299124388359,2.790722669477638
