Region,bulk_carrier_capesize_ice,bulk_carrier_handy_ice,bulk_carrier_ice,bulk_carrier_panamax_ice,container_15000_teu_ice,container_3500_teu_ice,container_8000_teu_ice,container_ice,fleet,gas_carrier_100k_cbm_ice,gas_carrier_ice,tanker_100k_dwt_ice,tanker_300k_dwt_ice,tanker_35k_dwt_ice,tanker_ice
Global,5.923701251697688,3.6357847393441682,4.215120352709616,3.950262656840712,17.85658845696936,9.101941616311578,13.74352171734527,11.146607095114517,6.1399693061516665,3.488301867162603,3.488301867162603,6.155663161478482,7.403053452665756,5.239942200927827,5.827027128341218
Global Average,5.923701251697688,3.6357847393441682,4.215120352709616,3.950262656840712,17.85658845696936,9.101941616311578,13.74352171734527,11.146607095114517,6.1399693061516665,3.488301867162603,3.488301867162603,6.155663161478482,7.403053452665756,5.239942200927827,5.827027128341218
