Region,bulk_carrier_capesize_ice,bulk_carrier_handy_ice,bulk_carrier_ice,bulk_carrier_panamax_ice,container_15000_teu_ice,container_3500_teu_ice,container_8000_teu_ice,container_ice,fleet,gas_carrier_100k_cbm_ice,gas_carrier_ice,tanker_100k_dwt_ice,tanker_300k_dwt_ice,tanker_35k_dwt_ice,tanker_ice
Global,0.00035936671078344037,0.0016430488919463115,0.0006722595073241817,0.0007026172910487041,9.085135868814745e-05,0.00036263357309302747,0.00014729362938860458,0.0002171644727590552,0.0005645088046559114,0.00144065708025563,0.00144065708025563,0.0005911280303199933,0.0001647755336275992,0.0026843751574690666,0.0008194414986378684
Global Average,0.00035936671078344037,0.0016430488919463115,0.0006722595073241817,0.0007026172910487041,9.085135868814745e-05,0.00036263357309302747,0.00014729362938860458,0.0002171644727590552,0.0005645088046559114,0.00144065708025563,0.00144065708025563,0.0005911280303199933,0.0001647755336275992,0.0026843751574690666,0.0008194414986378684
