Region,bulk_carrier_capesize_ice,bulk_carrier_handy_ice,bulk_carrier_ice,bulk_carrier_panamax_ice,container_15000_teu_ice,container_3500_teu_ice,container_8000_teu_ice,container_ice,fleet,gas_carrier_100k_cbm_ice,gas_carrier_ice,tanker_100k_dwt_ice,tanker_300k_dwt_ice,tanker_35k_dwt_ice,tanker_ice
Global,0.0711493263508419,0.14628720526626737,0.08760513606394776,0.07523498925172153,0.06737664966818294,0.0983208712704111,0.07216881853897099,0.08239547511066442,0.21783303456831302,0.0946899269840754,0.0946899269840754,0.3377461974621886,0.20692233112536107,0.5618481115134577,0.4206927249480052
Global Average,0.0711493263508419,0.14628720526626737,0.08760513606394776,0.07523498925172153,0.06737664966818294,0.0983208712704111,0.07216881853897099,0.08239547511066442,0.21783303456831302,0.0946899269840754,0.0946899269840754,0.3377461974621886,0.20692233112536107,0.5618481115134577,0.4206927249480052
