Region,bulk_carrier_capesize_ice,bulk_carrier_handy_ice,bulk_carrier_ice,bulk_carrier_panamax_ice,container_15000_teu_ice,container_3500_teu_ice,container_8000_teu_ice,container_ice,fleet,gas_carrier_100k_cbm_ice,gas_carrier_ice,tanker_100k_dwt_ice,tanker_300k_dwt_ice,tanker_35k_dwt_ice,tanker_ice
Global,0.603652361444807,0.3495946864754008,0.4199665955735785,0.39569036139550423,1.4483796354712202,0.44128977877383185,0.8691477688485303,0.6497132825678419,0.4541351066168205,0.2009390476476154,0.2009390476476154,0.4043082087504239,0.7957612455385636,0.3802570537683475,0.4378347188552979
Global Average,0.603652361444807,0.3495946864754008,0.4199665955735785,0.39569036139550423,1.4483796354712202,0.44128977877383185,0.8691477688485303,0.6497132825678419,0.4541351066168205,0.2009390476476154,0.2009390476476154,0.4043082087504239,0.7957612455385636,0.3802570537683475,0.4378347188552979
