Region,bulk_carrier_capesize_ice,bulk_carrier_handy_ice,bulk_carrier_ice,bulk_carrier_panamax_ice,container_15000_teu_ice,container_3500_teu_ice,container_8000_teu_ice,container_ice,fleet,gas_carrier_100k_cbm_ice,gas_carrier_ice,tanker_100k_dwt_ice,tanker_300k_dwt_ice,tanker_35k_dwt_ice,tanker_ice
Global,0.007253675820439709,0.019267158821741223,0.008696955893045612,0.007921166925000184,0.005977326059840779,0.009887809302867548,0.0099538385817023,0.00889760887920955,0.008725970761728563,0.018793322543838177,0.018793322543838177,0.006924952178470434,0.0034785350495060915,0.016740053349334497,0.0074052799631664015
Global Average,0.007253675820439709,0.019267158821741223,0.008696955893045612,0.007921166925000184,0.005977326059840779,0.009887809302867548,0.0099538385817023,0.00889760887920955,0.008725970761728563,0.018793322543838177,0.018793322543838177,0.006924952178470434,0.0034785350495060915,0.016740053349334497,0.0074052799631664015
