Region,bulk_carrier_capesize_ice,bulk_carrier_handy_ice,bulk_carrier_ice,bulk_carrier_panamax_ice,container_15000_teu_ice,container_3500_teu_ice,container_8000_teu_ice,container_ice,fleet,gas_carrier_100k_cbm_ice,gas_carrier_ice,tanker_100k_dwt_ice,tanker_300k_dwt_ice,tanker_35k_dwt_ice,tanker_ice
Global,0.00509228329105185,0.013953638064105787,0.005980256884943712,0.0053259182605548475,0.00238076184188843,0.003938302654475496,0.003964602037497841,0.0035439070065108754,0.005081676146447676,0.007863769941319418,0.007863769941319418,0.005619098717707151,0.0028217380368337768,0.013611650148231512,0.006010503326229438
Global Average,0.00509228329105185,0.013953638064105787,0.005980256884943712,0.0053259182605548475,0.00238076184188843,0.003938302654475496,0.003964602037497841,0.0035439070065108754,0.005081676146447676,0.007863769941319418,0.007863769941319418,0.005619098717707151,0.0028217380368337768,0.013611650148231512,0.006010503326229438
