Region,bulk_carrier_capesize_ice,bulk_carrier_handy_ice,bulk_carrier_ice,bulk_carrier_panamax_ice,container_15000_teu_ice,container_3500_teu_ice,container_8000_teu_ice,container_ice,fleet,gas_carrier_100k_cbm_ice,gas_carrier_ice,tanker_100k_dwt_ice,tanker_300k_dwt_ice,tanker_35k_dwt_ice,tanker_ice
Global,0.00038758581582975724,0.0019643009971254477,0.0006501555829274584,0.0006029906554459649,9.77575773771982e-05,0.00032986880636574754,0.00015477471644724446,0.00020868584964967192,0.0004897985705451798,0.000633500535518637,0.000633500535518637,0.0005570116529124819,0.00015657096870763445,0.002330082135523614,0.0007471919358422409
Global Average,0.00038758581582975724,0.0019643009971254477,0.0006501555829274584,0.0006029906554459649,9.77575773771982e-05,0.00032986880636574754,0.00015477471644724446,0.00020868584964967192,0.0004897985705451798,0.000633500535518637,0.000633500535518637,0.0005570116529124819,0.00015657096870763445,0.002330082135523614,0.0007471919358422409
