Region,bulk_carrier_capesize_ice,bulk_carrier_handy_ice,bulk_carrier_ice,bulk_carrier_panamax_ice,container_15000_teu_ice,container_3500_teu_ice,container_8000_teu_ice,container_ice,fleet,gas_carrier_100k_cbm_ice,gas_carrier_ice,tanker_100k_dwt_ice,tanker_300k_dwt_ice,tanker_35k_dwt_ice,tanker_ice
Global,0.004462678379250838,0.010397182902291338,0.0049865426541260685,0.004464266755444982,0.0020743911414961534,0.0032407503518358184,0.003548949679797028,0.003045920120781148,0.004179834447385217,0.006198012042104174,0.006198012042104174,0.004647743624794718,0.0025046166361069504,0.010031310425385017,0.004809486739313545
Global Average,0.004462678379250838,0.010397182902291338,0.0049865426541260685,0.004464266755444982,0.0020743911414961534,0.0032407503518358184,0.003548949679797028,0.003045920120781148,0.004179834447385217,0.006198012042104174,0.006198012042104174,0.004647743624794718,0.0025046166361069504,0.010031310425385017,0.004809486739313545
