Region,bulk_carrier_capesize_ice,bulk_carrier_handy_ice,bulk_carrier_ice,bulk_carrier_panamax_ice,container_15000_teu_ice,container_3500_teu_ice,container_8000_teu_ice,container_ice,fleet,gas_carrier_100k_cbm_ice,gas_carrier_ice,tanker_100k_dwt_ice,tanker_300k_dwt_ice,tanker_35k_dwt_ice,tanker_ice
Global,0.0005389525714484849,0.002126340664470962,0.0007787259925273142,0.0007184493094822054,0.0005125776127053076,0.0008846196948151603,0.0006354291457277227,0.0007014088678465327,0.0007989192349247838,0.0027457930393065236,0.0027457930393065236,0.0006151595884653407,0.000263499981494591,0.0015436707853909827,0.0006503128119548115
Global Average,0.0005389525714484849,0.002126340664470962,0.0007787259925273142,0.0007184493094822054,0.0005125776127053076,0.0008846196948151603,0.0006354291457277227,0.0007014088678465327,0.0007989192349247838,0.0027457930393065236,0.0027457930393065236,0.0006151595884653407,0.000263499981494591,0.0015436707853909827,0.0006503128119548115
