Region,bulk_carrier_capesize_ice,bulk_carrier_handy_ice,bulk_carrier_ice,bulk_carrier_panamax_ice,container_15000_teu_ice,container_3500_teu_ice,container_8000_teu_ice,container_ice,fleet,gas_carrier_100k_cbm_ice,gas_carrier_ice,tanker_100k_dwt_ice,tanker_300k_dwt_ice,tanker_35k_dwt_ice,tanker_ice
Global,0.0003916562280538908,0.0015693393758157337,0.0005610593917948326,0.0005125456509918688,0.0002041590519101728,0.00035234296956773714,0.00025309067101697016,0.0002793703156584487,0.0004740120762137018,0.001175199420823192,0.001175199420823192,0.0005110816394841964,0.00021891152457833579,0.0012827996780574596,0.0005403041421820031
Global Average,0.0003916562280538908,0.0015693393758157337,0.0005610593917948326,0.0005125456509918688,0.0002041590519101728,0.00035234296956773714,0.00025309067101697016,0.0002793703156584487,0.0004740120762137018,0.001175199420823192,0.001175199420823192,0.0005110816394841964,0.00021891152457833579,0.0012827996780574596,0.0005403041421820031
