Region,bulk_carrier_capesize_ice,bulk_carrier_handy_ice,bulk_carrier_ice,bulk_carrier_panamax_ice,container_15000_teu_ice,container_3500_teu_ice,container_8000_teu_ice,container_ice,fleet,gas_carrier_100k_cbm_ice,gas_carrier_ice,tanker_100k_dwt_ice,tanker_300k_dwt_ice,tanker_35k_dwt_ice,tanker_ice
Global,6.558383528665297e-05,0.00024784478553487277,9.371726649028199e-05,8.644428307471828e-05,4.784339001947688e-05,0.00010451550307521877,6.904349387782969e-05,7.747001184973364e-05,8.411377674540293e-05,6.976603734325206e-05,6.976603734325206e-05,8.46213695099542e-05,3.3660391452636595e-05,0.0002120928986089835,8.949176140672025e-05
Global Average,6.558383528665297e-05,0.00024784478553487277,9.371726649028199e-05,8.644428307471828e-05,4.784339001947688e-05,0.00010451550307521877,6.904349387782969e-05,7.747001184973364e-05,8.411377674540293e-05,6.976603734325206e-05,6.976603734325206e-05,8.46213695099542e-05,3.3660391452636595e-05,0.0002120928986089835,8.949176140672025e-05
