Region,bulk_carrier_capesize_ice,bulk_carrier_handy_ice,bulk_carrier_ice,bulk_carrier_panamax_ice,container_15000_teu_ice,container_3500_teu_ice,container_8000_teu_ice,container_ice,fleet,gas_carrier_100k_cbm_ice,gas_carrier_ice,tanker_100k_dwt_ice,tanker_300k_dwt_ice,tanker_35k_dwt_ice,tanker_ice
Global,9.363912174679517e-05,0.00034464405700279193,0.0001366991688820827,0.00012896573944475866,0.0001201193403401108,0.00026240476018942794,0.00017334597184700209,0.00019450224400366015,0.00014444203856192614,0.00016300476014778517,0.00016300476014778517,0.0001045288652297682,4.157912525062604e-05,0.0002619885513940004,0.00011054503515400145
Global Average,9.363912174679517e-05,0.00034464405700279193,0.0001366991688820827,0.00012896573944475866,0.0001201193403401108,0.00026240476018942794,0.00017334597184700209,0.00019450224400366015,0.00014444203856192614,0.00016300476014778517,0.00016300476014778517,0.0001045288652297682,4.157912525062604e-05,0.0002619885513940004,0.00011054503515400145
