Region,bulk_carrier_capesize_ice,bulk_carrier_handy_ice,bulk_carrier_ice,bulk_carrier_panamax_ice,container_15000_teu_ice,container_3500_teu_ice,container_8000_teu_ice,container_ice,fleet,gas_carrier_100k_cbm_ice,gas_carrier_ice,tanker_100k_dwt_ice,tanker_300k_dwt_ice,tanker_35k_dwt_ice,tanker_ice
Global,0.0005736949293449152,0.0030533918543440993,0.0009971259418235028,0.0009450323506308215,0.0002566205234567915,0.0008667094315634874,0.00040814002856172295,0.0005488757835447954,0.0008821885235419088,0.0015661929575592844,0.0015661929575592844,0.000715570777602189,0.00020027173594643947,0.0031250973058244923,0.0009662444646311054
Global Average,0.0005736949293449152,0.0030533918543440993,0.0009971259418235028,0.0009450323506308215,0.0002566205234567915,0.0008667094315634874,0.00040814002856172295,0.0005488757835447954,0.0008821885235419088,0.0015661929575592844,0.0015661929575592844,0.000715570777602189,0.00020027173594643947,0.0031250973058244923,0.0009662444646311054
