Region,bulk_carrier_capesize_ice,bulk_carrier_handy_ice,bulk_carrier_ice,bulk_carrier_panamax_ice,container_15000_teu_ice,container_3500_teu_ice,container_8000_teu_ice,container_ice,fleet,gas_carrier_100k_cbm_ice,gas_carrier_ice,tanker_100k_dwt_ice,tanker_300k_dwt_ice,tanker_35k_dwt_ice,tanker_ice
Global,0.0061410283196463075,0.014087426302926162,0.006921103958694796,0.006257685264887157,0.00520812792367868,0.008136480176488901,0.008910269407412855,0.007647324227818222,0.00704486300326187,0.01448133654697237,0.01448133654697237,0.005594221812402904,0.0030147633320650614,0.012071285258119022,0.005788722686580485
Global Average,0.0061410283196463075,0.014087426302926162,0.006921103958694796,0.006257685264887157,0.00520812792367868,0.008136480176488901,0.008910269407412855,0.007647324227818222,0.00704486300326187,0.01448133654697237,0.01448133654697237,0.005594221812402904,0.0030147633320650614,0.012071285258119022,0.005788722686580485
