Region,bulk_carrier_capesize_ice,bulk_carrier_handy_ice,bulk_carrier_ice,bulk_carrier_panamax_ice,container_15000_teu_ice,container_3500_teu_ice,container_8000_teu_ice,container_ice,fleet,gas_carrier_100k_cbm_ice,gas_carrier_ice,tanker_100k_dwt_ice,tanker_300k_dwt_ice,tanker_35k_dwt_ice,tanker_ice
Global,0.0003773761161450827,0.001398687655977229,0.0005330048088857777,0.00048747426712249307,0.00019526242469182565,0.000336685435959668,0.000240967214607449,0.0002666798389118985,0.000451742636058656,0.0011106303041578996,0.0011106303041578996,0.0004912990131361863,0.0002113579437237062,0.001180888193383249,0.0005159574373923336
Global Average,0.0003773761161450827,0.001398687655977229,0.0005330048088857777,0.00048747426712249307,0.00019526242469182565,0.000336685435959668,0.000240967214607449,0.0002666798389118985,0.000451742636058656,0.0011106303041578996,0.0011106303041578996,0.0004912990131361863,0.0002113579437237062,0.001180888193383249,0.0005159574373923336
