Region,bulk_carrier_capesize_ice,bulk_carrier_handy_ice,bulk_carrier_ice,bulk_carrier_panamax_ice,container_15000_teu_ice,container_3500_teu_ice,container_8000_teu_ice,container_ice,fleet,gas_carrier_100k_cbm_ice,gas_carrier_ice,tanker_100k_dwt_ice,tanker_300k_dwt_ice,tanker_35k_dwt_ice,tanker_ice
Global,0.0003032652395430338,0.0012340949085875032,0.00042679179198573344,0.00038284450067231336,0.00015007832683513274,0.00023766409980792037,0.00017598745939498089,0.00019348329003089496,0.000370507222304821,0.0010726043494311242,0.0010726043494311242,0.0004051538060162536,0.0001750672842663159,0.0010071042183171937,0.0004268386302180125
Global Average,0.0003032652395430338,0.0012340949085875032,0.00042679179198573344,0.00038284450067231336,0.00015007832683513274,0.00023766409980792037,0.00017598745939498089,0.00019348329003089496,0.000370507222304821,0.0010726043494311242,0.0010726043494311242,0.0004051538060162536,0.0001750672842663159,0.0010071042183171937,0.0004268386302180125
