Region,bulk_carrier_capesize_ice,bulk_carrier_handy_ice,bulk_carrier_ice,bulk_carrier_panamax_ice,container_15000_teu_ice,container_3500_teu_ice,container_8000_teu_ice,container_ice,fleet,gas_carrier_100k_cbm_ice,gas_carrier_ice,tanker_100k_dwt_ice,tanker_300k_dwt_ice,tanker_35k_dwt_ice,tanker_ice
Global,0.9288506736491582,0.8537127947337327,0.9123948639360522,0.9247650107482784,0.932623350331817,0.9016791287295889,0.9278311814610289,0.9176045248893355,0.7821669654316871,0.9053100730159246,0.9053100730159246,0.6622538025378114,0.7930776688746389,0.43815188848654235,0.5793072750519949
Global Average,0.9288506736491582,0.8537127947337327,0.9123948639360522,0.9247650107482784,0.932623350331817,0.9016791287295889,0.9278311814610289,0.9176045248893355,0.7821669654316871,0.9053100730159246,0.9053100730159246,0.6622538025378114,0.7930776688746389,0.43815188848654235,0.5793072750519949
