Region,bulk_carrier_capesize_ice,bulk_carrier_handy_ice,bulk_carrier_ice,bulk_carrier_panamax_ice,container_15000_teu_ice,container_3500_teu_ice,container_8000_teu_ice,container_ice,fleet,gas_carrier_100k_cbm_ice,gas_carrier_ice,tanker_100k_dwt_ice,tanker_300k_dwt_ice,tanker_35k_dwt_ice,tanker_ice
Global,5.139072022825638,11.291289779031331,7.837880040271524,8.282381078584843,1.9720760665371286,4.914786724132183,1.8631965336486351,3.1730026305495236,5.8684713829637865,5.944054309012917,5.944054309012917,5.350252196302393,3.1307553674402757,8.755754850610419,6.571568678735836
Global Average,5.139072022825638,11.291289779031331,7.837880040271524,8.282381078584843,1.9720760665371286,4.914786724132183,1.8631965336486351,3.1730026305495236,5.8684713829637865,5.944054309012917,5.944054309012917,5.350252196302393,3.1307553674402757,8.755754850610419,6.571568678735836
