Region,bulk_carrier_capesize_ice,bulk_carrier_handy_ice,bulk_carrier_ice,bulk_carrier_panamax_ice,container_15000_teu_ice,container_3500_teu_ice,container_8000_teu_ice,container_ice,fleet,gas_carrier_100k_cbm_ice,gas_carrier_ice,tanker_100k_dwt_ice,tanker_300k_dwt_ice,tanker_35k_dwt_ice,tanker_ice
Global,3.569871276372103e-05,0.00014657227406089115,6.490330921631007e-05,6.88895014972479e-05,4.4430865044676915e-05,9.93159781492568e-05,6.818149969314686e-05,7.424767549277235e-05,7.776049094992541e-05,0.00011629112640727647,0.00011629112640727645,8.20986684930711e-05,2.3235357934281885e-05,0.00023700878937018568,8.923507960795022e-05
Global Average,3.569871276372103e-05,0.00014657227406089115,6.490330921631007e-05,6.88895014972479e-05,4.4430865044676915e-05,9.93159781492568e-05,6.818149969314686e-05,7.424767549277235e-05,7.776049094992541e-05,0.00011629112640727647,0.00011629112640727645,8.20986684930711e-05,2.3235357934281885e-05,0.00023700878937018568,8.923507960795022e-05
