Region,bulk_carrier_capesize_ice,bulk_carrier_handy_ice,bulk_carrier_ice,bulk_carrier_panamax_ice,container_15000_teu_ice,container_3500_teu_ice,container_8000_teu_ice,container_ice,fleet,gas_carrier_100k_cbm_ice,gas_carrier_ice,tanker_100k_dwt_ice,tanker_300k_dwt_ice,tanker_35k_dwt_ice,tanker_ice
Global,0.024517656108897314,0.0376376325967711,0.03108062720784169,0.03289945817326757,0.02985723164737213,0.024369150840488744,0.019652287247770128,0.023427015427862862,0.021967922926853282,0.010248369498298132,0.010248369498298132,0.015301721281424844,0.020835716755723214,0.01903424967524004,0.01798803248695592
Global Average,0.024517656108897314,0.0376376325967711,0.03108062720784169,0.03289945817326757,0.02985723164737213,0.024369150840488744,0.019652287247770128,0.023427015427862862,0.021967922926853282,0.010248369498298132,0.010248369498298132,0.015301721281424844,0.020835716755723214,0.01903424967524004,0.01798803248695592
