Region,bulk_carrier_capesize_ice,bulk_carrier_handy_ice,bulk_carrier_ice,bulk_carrier_panamax_ice,container_15000_teu_ice,container_3500_teu_ice,container_8000_teu_ice,container_ice,fleet,gas_carrier_100k_cbm_ice,gas_carrier_ice,tanker_100k_dwt_ice,tanker_300k_dwt_ice,tanker_35k_dwt_ice,tanker_ice
Global,0.004257253179288428,0.008331053591315998,0.005153548632669476,0.005147830145985244,0.002812885891593514,0.00439539063947257,0.004809076721977664,0.004129629229847005,0.005172602258079552,0.01448133654697237,0.01448133654697237,0.005298356578764841,0.002857365311498678,0.011374921632945775,0.005478846213979722
Global Average,0.004257253179288428,0.008331053591315998,0.005153548632669476,0.005147830145985244,0.002812885891593514,0.00439539063947257,0.004809076721977664,0.004129629229847005,0.005172602258079552,0.01448133654697237,0.01448133654697237,0.005298356578764841,0.002857365311498678,0.011374921632945775,0.005478846213979722
