Region,bulk_carrier_capesize_ice,bulk_carrier_handy_ice,bulk_carrier_ice,bulk_carrier_panamax_ice,container_15000_teu_ice,container_3500_teu_ice,container_8000_teu_ice,container_ice,fleet,gas_carrier_100k_cbm_ice,gas_carrier_ice,tanker_100k_dwt_ice,tanker_300k_dwt_ice,tanker_35k_dwt_ice,tanker_ice
Global,0.0004319845557529415,0.0017040360725725482,0.0006206739044536476,0.0005693995002897038,0.00037679833330047974,0.0005966979948501107,0.00044184781893697996,0.00048577421365593183,0.0006362143307973635,0.0025633760462479486,0.0025633760462479486,0.0004993097421026775,0.00021581652031226454,0.0012385697662939152,0.0005258893281141796
Global Average,0.0004319845557529415,0.0017040360725725482,0.0006206739044536476,0.0005693995002897038,0.00037679833330047974,0.0005966979948501107,0.00044184781893697996,0.00048577421365593183,0.0006362143307973635,0.0025633760462479486,0.0025633760462479486,0.0004993097421026775,0.00021581652031226454,0.0012385697662939152,0.0005258893281141796
