Region,bulk_carrier_capesize_ice,bulk_carrier_handy_ice,bulk_carrier_ice,bulk_carrier_panamax_ice,container_15000_teu_ice,container_3500_teu_ice,container_8000_teu_ice,container_ice,fleet,gas_carrier_100k_cbm_ice,gas_carrier_ice,tanker_100k_dwt_ice,tanker_300k_dwt_ice,tanker_35k_dwt_ice,tanker_ice
Global,0.09807062443558925,0.1505505303870844,0.12432250883136677,0.1315978326930703,0.11942892658948852,0.09747660336195497,0.07860914899108051,0.09370806171145145,0.08553043953633577,0.04099347799319253,0.04099347799319253,0.06120688512569938,0.08334286702289286,0.06344749891746682,0.06600221618816608
Global Average,0.09807062443558925,0.1505505303870844,0.12432250883136677,0.1315978326930703,0.11942892658948852,0.09747660336195497,0.07860914899108051,0.09370806171145145,0.08553043953633577,0.04099347799319253,0.04099347799319253,0.06120688512569938,0.08334286702289286,0.06344749891746682,0.06600221618816608
