Region,bulk_carrier_capesize_ice,bulk_carrier_handy_ice,bulk_carrier_ice,bulk_carrier_panamax_ice,container_15000_teu_ice,container_3500_teu_ice,container_8000_teu_ice,container_ice,fleet,gas_carrier_100k_cbm_ice,gas_carrier_ice,tanker_100k_dwt_ice,tanker_300k_dwt_ice,tanker_35k_dwt_ice,tanker_ice
Global,0.0005533862915638243,0.002731486415431118,0.0009483388830962704,0.0008995983654656736,0.0002454377857216226,0.0008281943107146609,0.0003885894547481311,0.0005239429435921944,0.0008410929428172387,0.0014801414381276565,0.0014801414381276563,0.0006880507410347484,0.0001934048784805993,0.002878242729099152,0.0009229716514247122
Global Average,0.0005533862915638243,0.002731486415431118,0.0009483388830962704,0.0008995983654656736,0.0002454377857216226,0.0008281943107146609,0.0003885894547481311,0.0005239429435921944,0.0008410929428172387,0.0014801414381276565,0.0014801414381276563,0.0006880507410347484,0.0001934048784805993,0.002878242729099152,0.0009229716514247122
