Region,bulk_carrier_capesize_ice,bulk_carrier_handy_ice,bulk_carrier_ice,bulk_carrier_panamax_ice,container_15000_teu_ice,container_3500_teu_ice,container_8000_teu_ice,container_ice,fleet,gas_carrier_100k_cbm_ice,gas_carrier_ice,tanker_100k_dwt_ice,tanker_300k_dwt_ice,tanker_35k_dwt_ice,tanker_ice
Global,0.0003641140289263705,0.0013679125663174708,0.0005077523614383873,0.00045841628568609003,0.00019526242469182565,0.000336685435959668,0.000240967214607449,0.0002666798389118985,0.000443566753369376,0.0011106303041578996,0.0011106303041578996,0.00047884998926903257,0.0002060023455735434,0.0011509656718417837,0.000502883593804636
Global Average,0.0003641140289263705,0.0013679125663174708,0.0005077523614383873,0.00045841628568609003,0.00019526242469182565,0.000336685435959668,0.000240967214607449,0.0002666798389118985,0.000443566753369376,0.0011106303041578996,0.0011106303041578996,0.00047884998926903257,0.0002060023455735434,0.0011509656718417837,0.000502883593804636
