Region,bulk_carrier_capesize_ice,bulk_carrier_handy_ice,bulk_carrier_ice,bulk_carrier_panamax_ice,container_15000_teu_ice,container_3500_teu_ice,container_8000_teu_ice,container_ice,fleet,gas_carrier_100k_cbm_ice,gas_carrier_ice,tanker_100k_dwt_ice,tanker_300k_dwt_ice,tanker_35k_dwt_ice,tanker_ice
Global,0.00041690346049745065,0.0022535467373048738,0.0007184129974224807,0.0006741912268125681,0.00010221164848210376,0.00034520933307194,0.0001625616866838426,0.00021861657007127882,0.0005234171307633742,0.0006703305858353737,0.0006703305858353737,0.0005945044067284554,0.00016638252039833607,0.00259697459830758,0.0008027919441281055
Global Average,0.00041690346049745065,0.0022535467373048738,0.0007184129974224807,0.0006741912268125681,0.00010221164848210376,0.00034520933307194,0.0001625616866838426,0.00021861657007127882,0.0005234171307633742,0.0006703305858353737,0.0006703305858353737,0.0005945044067284554,0.00016638252039833607,0.00259697459830758,0.0008027919441281055
