Region,bulk_carrier_capesize_ice,bulk_carrier_handy_ice,bulk_carrier_ice,bulk_carrier_panamax_ice,container_15000_teu_ice,container_3500_teu_ice,container_8000_teu_ice,container_ice,fleet,gas_carrier_100k_cbm_ice,gas_carrier_ice,tanker_100k_dwt_ice,tanker_300k_dwt_ice,tanker_35k_dwt_ice,tanker_ice
Global,0.0050790443425033005,0.012673762798223642,0.005952696273327774,0.0053745824382548674,0.0022770155205533065,0.0037632910564099832,0.003774691126164878,0.0033829240139117388,0.00493403195436287,0.007601604794756142,0.007601604794756142,0.005530633408129825,0.002790193802156075,0.012805924387451517,0.005875340609518283
Global Average,0.0050790443425033005,0.012673762798223642,0.005952696273327774,0.0053745824382548674,0.0022770155205533065,0.0037632910564099832,0.003774691126164878,0.0033829240139117388,0.00493403195436287,0.007601604794756142,0.007601604794756142,0.005530633408129825,0.002790193802156075,0.012805924387451517,0.005875340609518283
