Region,bulk_carrier_capesize_ice,bulk_carrier_handy_ice,bulk_carrier_ice,bulk_carrier_panamax_ice,container_15000_teu_ice,container_3500_teu_ice,container_8000_teu_ice,container_ice,fleet,gas_carrier_100k_cbm_ice,gas_carrier_ice,tanker_100k_dwt_ice,tanker_300k_dwt_ice,tanker_35k_dwt_ice,tanker_ice
Global,0.00527123806780218,0.014220069015411944,0.0062660150433433825,0.005651003633249419,0.00238076184188843,0.003938302654475496,0.003964602037497841,0.0035439070065108754,0.005177263654362293,0.00804354204876274,0.00804354204876274,0.005753329671007369,0.002889910681083622,0.013911084701750055,0.006152582825623654
Global Average,0.00527123806780218,0.014220069015411944,0.0062660150433433825,0.005651003633249419,0.00238076184188843,0.003938302654475496,0.003964602037497841,0.0035439070065108754,0.005177263654362293,0.00804354204876274,0.00804354204876274,0.005753329671007369,0.002889910681083622,0.013911084701750055,0.006152582825623654
