Region,bulk_carrier_capesize_ice,bulk_carrier_handy_ice,bulk_carrier_ice,bulk_carrier_panamax_ice,container_15000_teu_ice,container_3500_teu_ice,container_8000_teu_ice,container_ice,fleet,gas_carrier_100k_cbm_ice,gas_carrier_ice,tanker_100k_dwt_ice,tanker_300k_dwt_ice,tanker_35k_dwt_ice,tanker_ice
Global,0.0005198738032829147,0.0019021700838423323,0.0007406247365712464,0.0006839086768285863,0.0004902410476691617,0.0008453086717545301,0.0006049910520650259,0.0006695471687742773,0.0007617026434194609,0.0025949306171913545,0.002594930617191354,0.0005915012517930324,0.00025446517283013323,0.0014217346787549594,0.000621188852266009
Global Average,0.0005198738032829147,0.0019021700838423323,0.0007406247365712464,0.0006839086768285863,0.0004902410476691617,0.0008453086717545301,0.0006049910520650259,0.0006695471687742773,0.0007617026434194609,0.0025949306171913545,0.002594930617191354,0.0005915012517930324,0.00025446517283013323,0.0014217346787549594,0.000621188852266009
