Region,bulk_carrier_capesize_ice,bulk_carrier_handy_ice,bulk_carrier_ice,bulk_carrier_panamax_ice,container_15000_teu_ice,container_3500_teu_ice,container_8000_teu_ice,container_ice,fleet,gas_carrier_100k_cbm_ice,gas_carrier_ice,tanker_100k_dwt_ice,tanker_300k_dwt_ice,tanker_35k_dwt_ice,tanker_ice
Global,0.0004017028134896013,0.0020084935433406113,0.0006824902817637046,0.0006412128823156964,9.77575773771982e-05,0.00032986880636574754,0.00015477471644724446,0.00020868584964967192,0.0004988266043726378,0.000633500535518637,0.000633500535518637,0.0005714927044250347,0.0001606414621189847,0.0023906590359467337,0.000766617247424359
Global Average,0.0004017028134896013,0.0020084935433406113,0.0006824902817637046,0.0006412128823156964,9.77575773771982e-05,0.00032986880636574754,0.00015477471644724446,0.00020868584964967192,0.0004988266043726378,0.000633500535518637,0.000633500535518637,0.0005714927044250347,0.0001606414621189847,0.0023906590359467337,0.000766617247424359
