Region,bulk_carrier_capesize_ice,bulk_carrier_handy_ice,bulk_carrier_ice,bulk_carrier_panamax_ice,container_15000_teu_ice,container_3500_teu_ice,container_8000_teu_ice,container_ice,fleet,gas_carrier_100k_cbm_ice,gas_carrier_ice,tanker_100k_dwt_ice,tanker_300k_dwt_ice,tanker_35k_dwt_ice,tanker_ice
Global,0.15091309036120176,0.0873986716188502,0.10499164889339463,0.09892259034887606,0.36209490886780504,0.11032244469345796,0.21728694221213257,0.16242832064196047,0.11664157315944051,0.05023476191190385,0.05023476191190385,0.10107705218760597,0.1989403113846409,0.11407711613050422,0.11932607117665855
Global Average,0.15091309036120176,0.0873986716188502,0.10499164889339463,0.09892259034887606,0.36209490886780504,0.11032244469345796,0.21728694221213257,0.16242832064196047,0.11664157315944051,0.05023476191190385,0.05023476191190385,0.10107705218760597,0.1989403113846409,0.11407711613050422,0.11932607117665855
