Region,bulk_carrier_capesize_ice,bulk_carrier_handy_ice,bulk_carrier_ice,bulk_carrier_panamax_ice,container_15000_teu_ice,container_3500_teu_ice,container_8000_teu_ice,container_ice,fleet,gas_carrier_100k_cbm_ice,gas_carrier_ice,tanker_100k_dwt_ice,tanker_300k_dwt_ice,tanker_35k_dwt_ice,tanker_ice
Global,5.343007530931436,8.641600444218644,6.760476950370012,6.966954910392713,6.009278636734874,6.476705945061391,4.338231319489698,5.534195083103698,6.098087919319199,11.328957578198686,11.328957578198686,5.2732941687107795,4.7451455662230995,4.744603969048166,4.936052529409427
Global Average,5.343007530931436,8.641600444218644,6.760476950370012,6.966954910392713,6.009278636734874,6.476705945061391,4.338231319489698,5.534195083103698,6.098087919319199,11.328957578198686,11.328957578198686,5.2732941687107795,4.7451455662230995,4.744603969048166,4.936052529409427
