Region,bulk_carrier_capesize_ice,bulk_carrier_handy_ice,bulk_carrier_ice,bulk_carrier_panamax_ice,container_15000_teu_ice,container_3500_teu_ice,container_8000_teu_ice,container_ice,fleet,gas_carrier_100k_cbm_ice,gas_carrier_ice,tanker_100k_dwt_ice,tanker_300k_dwt_ice,tanker_35k_dwt_ice,tanker_ice
Global,3.224399862529642,2.5085166728042383,2.6603639467370264,2.5524795375474327,12.20752521558392,6.367057483154427,9.990981130238856,7.864266977706351,4.477275354989616,2.4886301051157163,2.4886301051157163,5.076329883922718,4.343701928367237,4.977184576773899,4.938766857154989
Global Average,3.224399862529642,2.5085166728042383,2.6603639467370264,2.5524795375474327,12.20752521558392,6.367057483154427,9.990981130238856,7.864266977706351,4.477275354989616,2.4886301051157163,2.4886301051157163,5.076329883922718,4.343701928367237,4.977184576773899,4.938766857154989
