Region,bulk_carrier_capesize_ice,bulk_carrier_handy_ice,bulk_carrier_ice,bulk_carrier_panamax_ice,container_15000_teu_ice,container_3500_teu_ice,container_8000_teu_ice,container_ice,fleet,gas_carrier_100k_cbm_ice,gas_carrier_ice,tanker_100k_dwt_ice,tanker_300k_dwt_ice,tanker_35k_dwt_ice,tanker_ice
Global,0.00038758581582975724,0.0016836865689646692,0.0007134005664866984,0.0007436884750500234,0.00013279573100210312,0.00044809998827106924,0.00021024888466650063,0.0002834827815658112,0.0006209573461737836,0.0014801414381276565,0.0014801414381276563,0.000655307826955861,0.00018420113965604058,0.0027412731006160166,0.0008790493362849893
Global Average,0.00038758581582975724,0.0016836865689646692,0.0007134005664866984,0.0007436884750500234,0.00013279573100210312,0.00044809998827106924,0.00021024888466650063,0.0002834827815658112,0.0006209573461737836,0.0014801414381276565,0.0014801414381276563,0.000655307826955861,0.00018420113965604058,0.0027412731006160166,0.0008790493362849893
