Region,bulk_carrier_capesize_ice,bulk_carrier_handy_ice,bulk_carrier_ice,bulk_carrier_panamax_ice,container_15000_teu_ice,container_3500_teu_ice,container_8000_teu_ice,container_ice,fleet,gas_carrier_100k_cbm_ice,gas_carrier_ice,tanker_100k_dwt_ice,tanker_300k_dwt_ice,tanker_35k_dwt_ice,tanker_ice
Global,0.004141138537621583,0.009907281454645856,0.005462516409970843,0.005518686180490246,0.0026711650871911723,0.004474047609890142,0.004376129078019526,0.003972822189349187,0.005397918037182448,0.015650561920429913,0.015650561920429913,0.005539526696893038,0.0027212463196792914,0.014006884592979227,0.0060189051994744966
Global Average,0.004141138537621583,0.009907281454645856,0.005462516409970843,0.005518686180490246,0.0026711650871911723,0.004474047609890142,0.004376129078019526,0.003972822189349187,0.005397918037182448,0.015650561920429913,0.015650561920429913,0.005539526696893038,0.0027212463196792914,0.014006884592979227,0.0060189051994744966
