Region,bulk_carrier_capesize_ice,bulk_carrier_handy_ice,bulk_carrier_ice,bulk_carrier_panamax_ice,container_15000_teu_ice,container_3500_teu_ice,container_8000_teu_ice,container_ice,fleet,gas_carrier_100k_cbm_ice,gas_carrier_ice,tanker_100k_dwt_ice,tanker_300k_dwt_ice,tanker_35k_dwt_ice,tanker_ice
Global,0.000527736611500917,0.002924955096032726,0.0009233042875044744,0.0008720282803337411,0.0001719004612709867,0.0006856521664206664,0.0002796161806509553,0.00041125534290669015,0.0007845844268066902,0.001458717697979944,0.001458717697979944,0.0006342211981645475,0.00017645748727162722,0.002934940599432969,0.000881661209541383
Global Average,0.000527736611500917,0.002924955096032726,0.0009233042875044744,0.0008720282803337411,0.0001719004612709867,0.0006856521664206664,0.0002796161806509553,0.00041125534290669015,0.0007845844268066902,0.001458717697979944,0.001458717697979944,0.0006342211981645475,0.00017645748727162722,0.002934940599432969,0.000881661209541383
