Region,bulk_carrier_capesize_ice,bulk_carrier_handy_ice,bulk_carrier_ice,bulk_carrier_panamax_ice,container_15000_teu_ice,container_3500_teu_ice,container_8000_teu_ice,container_ice,fleet,gas_carrier_100k_cbm_ice,gas_carrier_ice,tanker_100k_dwt_ice,tanker_300k_dwt_ice,tanker_35k_dwt_ice,tanker_ice
Global,0.00043992693172135023,0.0024575668493483005,0.0007448797616906638,0.0006895707757885391,0.00012141671731282161,0.0003815161392512045,0.0001894973241650841,0.0002473066158483124,0.0005560504783141873,0.0006884624622112911,0.0006884624622112911,0.0006188222803936072,0.00017962649411852366,0.0027256139597365246,0.0008356709778480672
Global Average,0.00043992693172135023,0.0024575668493483005,0.0007448797616906638,0.0006895707757885391,0.00012141671731282161,0.0003815161392512045,0.0001894973241650841,0.0002473066158483124,0.0005560504783141873,0.0006884624622112911,0.0006884624622112911,0.0006188222803936072,0.00017962649411852366,0.0027256139597365246,0.0008356709778480672
