Region,bulk_carrier_capesize_ice,bulk_carrier_handy_ice,bulk_carrier_ice,bulk_carrier_panamax_ice,container_15000_teu_ice,container_3500_teu_ice,container_8000_teu_ice,container_ice,fleet,gas_carrier_100k_cbm_ice,gas_carrier_ice,tanker_100k_dwt_ice,tanker_300k_dwt_ice,tanker_35k_dwt_ice,tanker_ice
Global,0.00042989730031734174,0.0021064676011895247,0.0007215382933699747,0.000677336243222272,0.00011363508398443862,0.0003569232863890294,0.00017609040653559856,0.00023084545442714416,0.0005276725876233658,0.0006549896205234472,0.0006549896205234472,0.0005974425853448381,0.00017446465784332405,0.0024752260780844053,0.0007992957958286691
Global Average,0.00042989730031734174,0.0021064676011895247,0.0007215382933699747,0.000677336243222272,0.00011363508398443862,0.0003569232863890294,0.00017609040653559856,0.00023084545442714416,0.0005276725876233658,0.0006549896205234472,0.0006549896205234472,0.0005974425853448381,0.00017446465784332405,0.0024752260780844053,0.0007992957958286691
