Region,bulk_carrier_capesize_ice,bulk_carrier_handy_ice,bulk_carrier_ice,bulk_carrier_panamax_ice,container_15000_teu_ice,container_3500_teu_ice,container_8000_teu_ice,container_ice,fleet,gas_carrier_100k_cbm_ice,gas_carrier_ice,tanker_100k_dwt_ice,tanker_300k_dwt_ice,tanker_35k_dwt_ice,tanker_ice
Global,0.00046480361559037784,0.0014778117378496335,0.0007084759177095365,0.000720658353009723,0.00034387794189844886,0.0005877677519364862,0.0004325099944900582,0.0004704675766491666,0.0006901929384412925,0.0027777350110922265,0.002777735011092226,0.0006722062381152432,0.0003009937581768616,0.001652683239580808,0.0007179119586378384
Global Average,0.00046480361559037784,0.0014778117378496335,0.0007084759177095365,0.000720658353009723,0.00034387794189844886,0.0005877677519364862,0.0004325099944900582,0.0004704675766491666,0.0006901929384412925,0.0027777350110922265,0.002777735011092226,0.0006722062381152432,0.0003009937581768616,0.001652683239580808,0.0007179119586378384
