Region,bulk_carrier_capesize_ice,bulk_carrier_handy_ice,bulk_carrier_ice,bulk_carrier_panamax_ice,container_15000_teu_ice,container_3500_teu_ice,container_8000_teu_ice,container_ice,fleet,gas_carrier_100k_cbm_ice,gas_carrier_ice,tanker_100k_dwt_ice,tanker_300k_dwt_ice,tanker_35k_dwt_ice,tanker_ice
Global,0.0003199750467924201,0.0013285776365049157,0.0004580804527224481,0.0004154735007419485,0.00015336775717563346,0.00024275061357317807,0.00018031461451978846,0.0001978644610861422,0.0003855097376277821,0.0011108789178050852,0.0011108789178050852,0.0004217012760119044,0.00018204884318697947,0.0010612122694078408,0.000445137724098452
Global Average,0.0003199750467924201,0.0013285776365049157,0.0004580804527224481,0.0004154735007419485,0.00015336775717563346,0.00024275061357317807,0.00018031461451978846,0.0001978644610861422,0.0003855097376277821,0.0011108789178050852,0.0011108789178050852,0.0004217012760119044,0.00018204884318697947,0.0010612122694078408,0.000445137724098452
