Region,bulk_carrier_capesize_ice,bulk_carrier_handy_ice,bulk_carrier_ice,bulk_carrier_panamax_ice,container_15000_teu_ice,container_3500_teu_ice,container_8000_teu_ice,container_ice,fleet,gas_carrier_100k_cbm_ice,gas_carrier_ice,tanker_100k_dwt_ice,tanker_300k_dwt_ice,tanker_35k_dwt_ice,tanker_ice
Global,43.18580563518639,41.085924388966944,42.72997949636681,43.07255542702248,43.288112632603045,42.432394152322864,43.158271135445624,42.874901180103585,39.06928631155876,42.53403898571612,42.53403898571612,35.64070547089007,39.39100048189475,28.97822539949358,33.2106120246266
Global Average,43.18580563518639,41.085924388966944,42.72997949636681,43.07255542702248,43.288112632603045,42.432394152322864,43.158271135445624,42.874901180103585,39.06928631155876,42.53403898571612,42.53403898571612,35.64070547089007,39.39100048189475,28.97822539949358,33.2106120246266
