Region,bulk_carrier_capesize_ice,bulk_carrier_handy_ice,bulk_carrier_ice,bulk_carrier_panamax_ice,container_15000_teu_ice,container_3500_teu_ice,container_8000_teu_ice,container_ice,fleet,gas_carrier_100k_cbm_ice,gas_carrier_ice,tanker_100k_dwt_ice,tanker_300k_dwt_ice,tanker_35k_dwt_ice,tanker_ice
Global,0.004467456346092126,0.009503947030748831,0.004965099941351595,0.004493988468247598,0.0037626371963533625,0.0058575837534440775,0.006394092097600368,0.005503232201361191,0.005119877093889749,0.010299461035683488,0.010299461035683487,0.004160761296880262,0.0022279653502403976,0.00883065239564765,0.00431304397785802
Global Average,0.004467456346092126,0.009503947030748831,0.004965099941351595,0.004493988468247598,0.0037626371963533625,0.0058575837534440775,0.006394092097600368,0.005503232201361191,0.005119877093889749,0.010299461035683488,0.010299461035683487,0.004160761296880262,0.0022279653502403976,0.00883065239564765,0.00431304397785802
