Region,bulk_carrier_capesize_ice,bulk_carrier_handy_ice,bulk_carrier_ice,bulk_carrier_panamax_ice,container_15000_teu_ice,container_3500_teu_ice,container_8000_teu_ice,container_ice,fleet,gas_carrier_100k_cbm_ice,gas_carrier_ice,tanker_100k_dwt_ice,tanker_300k_dwt_ice,tanker_35k_dwt_ice,tanker_ice
Global,0.0004929720852831189,0.002056737471502497,0.0006997048819956699,0.0006325795464947468,0.0002704809510940745,0.0004624982593739832,0.00034263352143980085,0.0003710311924500158,0.000584262530886191,0.0012496270847341194,0.0012496270847341194,0.0006072082172295495,0.0002702624786955533,0.001587100509964718,0.0006545823851259918
Global Average,0.0004929720852831189,0.002056737471502497,0.0006997048819956699,0.0006325795464947468,0.0002704809510940745,0.0004624982593739832,0.00034263352143980085,0.0003710311924500158,0.000584262530886191,0.0012496270847341194,0.0012496270847341194,0.0006072082172295495,0.0002702624786955533,0.001587100509964718,0.0006545823851259918
