Region,bulk_carrier_capesize_ice,bulk_carrier_handy_ice,bulk_carrier_ice,bulk_carrier_panamax_ice,container_15000_teu_ice,container_3500_teu_ice,container_8000_teu_ice,container_ice,fleet,gas_carrier_100k_cbm_ice,gas_carrier_ice,tanker_100k_dwt_ice,tanker_300k_dwt_ice,tanker_35k_dwt_ice,tanker_ice
Global,0.00011379177545549135,0.00042964565766882406,0.00016365313921324056,0.00015103421670178318,7.595230440259831e-05,0.00016210874876036526,0.00011213925014212983,0.00012237476275460532,0.00013849254366799164,0.00011694652573091215,0.00011694652573091215,0.0001360620958118105,5.609732382674516e-05,0.0003587828263394949,0.00014817458869708446
Global Average,0.00011379177545549135,0.00042964565766882406,0.00016365313921324056,0.00015103421670178318,7.595230440259831e-05,0.00016210874876036526,0.00011213925014212983,0.00012237476275460532,0.00013849254366799164,0.00011694652573091215,0.00011694652573091215,0.0001360620958118105,5.609732382674516e-05,0.0003587828263394949,0.00014817458869708446
