Region,bulk_carrier_capesize_ice,bulk_carrier_handy_ice,bulk_carrier_ice,bulk_carrier_panamax_ice,container_15000_teu_ice,container_3500_teu_ice,container_8000_teu_ice,container_ice,fleet,gas_carrier_100k_cbm_ice,gas_carrier_ice,tanker_100k_dwt_ice,tanker_300k_dwt_ice,tanker_35k_dwt_ice,tanker_ice
Global,0.0004147894669172396,0.0017658165841962933,0.0007542170796949216,0.0007855848996653142,0.0001543640344826987,0.00048485130257288527,0.00023920451882849766,0.0003135848053075381,0.0006568658663892866,0.0015303495806622599,0.0015303495806622597,0.000685063517524874,0.00020005164532577762,0.0028382427455235166,0.0009165205207412197
Global Average,0.0004147894669172396,0.0017658165841962933,0.0007542170796949216,0.0007855848996653142,0.0001543640344826987,0.00048485130257288527,0.00023920451882849766,0.0003135848053075381,0.0006568658663892866,0.0015303495806622599,0.0015303495806622597,0.000685063517524874,0.00020005164532577762,0.0028382427455235166,0.0009165205207412197
