Region,bulk_carrier_capesize_ice,bulk_carrier_handy_ice,bulk_carrier_ice,bulk_carrier_panamax_ice,container_15000_teu_ice,container_3500_teu_ice,container_8000_teu_ice,container_ice,fleet,gas_carrier_100k_cbm_ice,gas_carrier_ice,tanker_100k_dwt_ice,tanker_300k_dwt_ice,tanker_35k_dwt_ice,tanker_ice
Global,0.005723319523055973,0.014766165582402548,0.006909489543258568,0.00631600671050827,0.004683505710075518,0.007840036379556218,0.007635578714239971,0.00695234565602616,0.006944481732653035,0.014607545627437974,0.014607545627437973,0.005585847985513904,0.002754045837899926,0.013545970639803716,0.006029142019647118
Global Average,0.005723319523055973,0.014766165582402548,0.006909489543258568,0.00631600671050827,0.004683505710075518,0.007840036379556218,0.007635578714239971,0.00695234565602616,0.006944481732653035,0.014607545627437974,0.014607545627437973,0.005585847985513904,0.002754045837899926,0.013545970639803716,0.006029142019647118
