Region,bulk_carrier_capesize_ice,bulk_carrier_handy_ice,bulk_carrier_ice,bulk_carrier_panamax_ice,container_15000_teu_ice,container_3500_teu_ice,container_8000_teu_ice,container_ice,fleet,gas_carrier_100k_cbm_ice,gas_carrier_ice,tanker_100k_dwt_ice,tanker_300k_dwt_ice,tanker_35k_dwt_ice,tanker_ice
Global,0.00046480361559037784,0.001724113694157906,0.0006456675182316359,0.000584317583521397,0.0002531457469285431,0.00043268523058804425,0.0003183922324438564,0.000346334706550284,0.0005444102026201214,0.001188870584747473,0.001188870584747473,0.0005713753023979568,0.00025584469445033233,0.0014047807536436867,0.0006102251648421625
Global Average,0.00046480361559037784,0.001724113694157906,0.0006456675182316359,0.000584317583521397,0.0002531457469285431,0.00043268523058804425,0.0003183922324438564,0.000346334706550284,0.0005444102026201214,0.001188870584747473,0.001188870584747473,0.0005713753023979568,0.00025584469445033233,0.0014047807536436867,0.0006102251648421625
