Region,bulk_carrier_capesize_ice,bulk_carrier_handy_ice,bulk_carrier_ice,bulk_carrier_panamax_ice,container_15000_teu_ice,container_3500_teu_ice,container_8000_teu_ice,container_ice,fleet,gas_carrier_100k_cbm_ice,gas_carrier_ice,tanker_100k_dwt_ice,tanker_300k_dwt_ice,tanker_35k_dwt_ice,tanker_ice
Global,0.0006636361255541813,0.002397490578655101,0.0009417924404098359,0.0008717401145461127,0.0006355674235998401,0.0010863332312360439,0.0007993803305953406,0.000869534881846168,0.0009348732457749173,0.0027777350110922265,0.002777735011092226,0.0007057934931311703,0.0003160331219031401,0.0017352607139939993,0.0007537829319590035
Global Average,0.0006636361255541813,0.002397490578655101,0.0009417924404098359,0.0008717401145461127,0.0006355674235998401,0.0010863332312360439,0.0007993803305953406,0.000869534881846168,0.0009348732457749173,0.0027777350110922265,0.002777735011092226,0.0007057934931311703,0.0003160331219031401,0.0017352607139939993,0.0007537829319590035
