Region,bulk_carrier_capesize_ice,bulk_carrier_handy_ice,bulk_carrier_ice,bulk_carrier_panamax_ice,container_15000_teu_ice,container_3500_teu_ice,container_8000_teu_ice,container_ice,fleet,gas_carrier_100k_cbm_ice,gas_carrier_ice,tanker_100k_dwt_ice,tanker_300k_dwt_ice,tanker_35k_dwt_ice,tanker_ice
Global,0.0043948949448319235,0.012869432181541933,0.005361801047079347,0.00484135410006284,0.001993178114354308,0.00333783693135093,0.003272791589883632,0.002966571155378246,0.004413561265644202,0.006698440501944003,0.006698440501944003,0.004906322793478702,0.0024056178609427725,0.01260166836224266,0.0053426191210566186
Global Average,0.0043948949448319235,0.012869432181541933,0.005361801047079347,0.00484135410006284,0.001993178114354308,0.00333783693135093,0.003272791589883632,0.002966571155378246,0.004413561265644202,0.006698440501944003,0.006698440501944003,0.004906322793478702,0.0024056178609427725,0.01260166836224266,0.0053426191210566186
