Region,bulk_carrier_capesize_ice,bulk_carrier_handy_ice,bulk_carrier_ice,bulk_carrier_panamax_ice,container_15000_teu_ice,container_3500_teu_ice,container_8000_teu_ice,container_ice,fleet,gas_carrier_100k_cbm_ice,gas_carrier_ice,tanker_100k_dwt_ice,tanker_300k_dwt_ice,tanker_35k_dwt_ice,tanker_ice
Global,0.00010979280364381829,0.0004201922363991228,0.00015589965889057343,0.00014203117846739926,7.595230440259831e-05,0.00016210874876036526,0.00011213925014212983,0.00012237476275460532,0.00013598603066703046,0.00011694652573091215,0.00011694652573091215,0.00013261441887192895,5.467587394687531e-05,0.00034969162963687265,0.00014441999334501853
Global Average,0.00010979280364381829,0.0004201922363991228,0.00015589965889057343,0.00014203117846739926,7.595230440259831e-05,0.00016210874876036526,0.00011213925014212983,0.00012237476275460532,0.00013598603066703046,0.00011694652573091215,0.00011694652573091215,0.00013261441887192895,5.467587394687531e-05,0.00034969162963687265,0.00014441999334501853
