Region,bulk_carrier_capesize_ice,bulk_carrier_handy_ice,bulk_carrier_ice,bulk_carrier_panamax_ice,container_15000_teu_ice,container_3500_teu_ice,container_8000_teu_ice,container_ice,fleet,gas_carrier_100k_cbm_ice,gas_carrier_ice,tanker_100k_dwt_ice,tanker_300k_dwt_ice,tanker_35k_dwt_ice,tanker_ice
Global,0.003318582557580394,0.008153159874472246,0.003688821994630063,0.0032610696006307397,0.001601280445947412,0.0024938225327257417,0.0027406607442787474,0.002348233347079918,0.003199741100968963,0.0046334461051751085,0.0046334461051751085,0.0035795859185214066,0.0019052921870269116,0.008076672748612696,0.003745431867026074
Global Average,0.003318582557580394,0.008153159874472246,0.003688821994630063,0.0032610696006307397,0.001601280445947412,0.0024938225327257417,0.0027406607442787474,0.002348233347079918,0.003199741100968963,0.0046334461051751085,0.0046334461051751085,0.0035795859185214066,0.0019052921870269116,0.008076672748612696,0.003745431867026074
