Region,bulk_carrier_capesize_ice,bulk_carrier_handy_ice,bulk_carrier_ice,bulk_carrier_panamax_ice,container_15000_teu_ice,container_3500_teu_ice,container_8000_teu_ice,container_ice,fleet,gas_carrier_100k_cbm_ice,gas_carrier_ice,tanker_100k_dwt_ice,tanker_300k_dwt_ice,tanker_35k_dwt_ice,tanker_ice
Global,0.0041545545850341795,0.010857732282542915,0.004972546786045049,0.004501903319348374,0.001865434739411118,0.0031226771410160876,0.0030412418967290327,0.002769110984373298,0.004118560584070718,0.006252029528543453,0.006252029528543453,0.004639587142872149,0.0022875015026434698,0.011251239092281685,0.005007785723751928
Global Average,0.0041545545850341795,0.010857732282542915,0.004972546786045049,0.004501903319348374,0.001865434739411118,0.0031226771410160876,0.0030412418967290327,0.002769110984373298,0.004118560584070718,0.006252029528543453,0.006252029528543453,0.004639587142872149,0.0022875015026434698,0.011251239092281685,0.005007785723751928
