Region,bulk_carrier_capesize_ice,bulk_carrier_handy_ice,bulk_carrier_ice,bulk_carrier_panamax_ice,container_15000_teu_ice,container_3500_teu_ice,container_8000_teu_ice,container_ice,fleet,gas_carrier_100k_cbm_ice,gas_carrier_ice,tanker_100k_dwt_ice,tanker_300k_dwt_ice,tanker_35k_dwt_ice,tanker_ice
Global,0.004008551531570028,0.010618831422104957,0.004736959837670626,0.004233548183693111,0.001865434739411118,0.0031226771410160876,0.0030412418967290327,0.002769110984373298,0.004044020645848721,0.006252029528543453,0.006252029528543453,0.00452202466150941,0.00222953851057317,0.010966143986755711,0.004880893459917279
Global Average,0.004008551531570028,0.010618831422104957,0.004736959837670626,0.004233548183693111,0.001865434739411118,0.0031226771410160876,0.0030412418967290327,0.002769110984373298,0.004044020645848721,0.006252029528543453,0.006252029528543453,0.00452202466150941,0.00222953851057317,0.010966143986755711,0.004880893459917279
