Region,bulk_carrier_capesize_ice,bulk_carrier_handy_ice,bulk_carrier_ice,bulk_carrier_panamax_ice,container_15000_teu_ice,container_3500_teu_ice,container_8000_teu_ice,container_ice,fleet,gas_carrier_100k_cbm_ice,gas_carrier_ice,tanker_100k_dwt_ice,tanker_300k_dwt_ice,tanker_35k_dwt_ice,tanker_ice
Global,0.00030953368233854994,0.0013077274431168029,0.00043856779023333965,0.00039332103925606625,0.00015336775717563346,0.00024275061357317807,0.00018031461451978846,0.0001978644610861422,0.00037908913473699125,0.001089832836676916,0.001089832836676916,0.00041304550475266535,0.00017823196801373449,0.0010433356400580266,0.00043622817845888524
Global Average,0.00030953368233854994,0.0013077274431168029,0.00043856779023333965,0.00039332103925606625,0.00015336775717563346,0.00024275061357317807,0.00018031461451978846,0.0001978644610861422,0.00037908913473699125,0.001089832836676916,0.001089832836676916,0.00041304550475266535,0.00017823196801373449,0.0010433356400580266,0.00043622817845888524
