Region,bulk_carrier_capesize_ice,bulk_carrier_handy_ice,bulk_carrier_ice,bulk_carrier_panamax_ice,container_15000_teu_ice,container_3500_teu_ice,container_8000_teu_ice,container_ice,fleet,gas_carrier_100k_cbm_ice,gas_carrier_ice,tanker_100k_dwt_ice,tanker_300k_dwt_ice,tanker_35k_dwt_ice,tanker_ice
Global,0.004714989067565654,0.011184703926493933,0.005338919319447905,0.004820057293426881,0.00402029937235674,0.006261185033802415,0.006880916267948015,0.005895657487921763,0.005480023826753548,0.011034869018875092,0.011034869018875092,0.004397092802715828,0.0023416424231239574,0.00987824795785001,0.00459803940059956
Global Average,0.004714989067565654,0.011184703926493933,0.005338919319447905,0.004820057293426881,0.00402029937235674,0.006261185033802415,0.006880916267948015,0.005895657487921763,0.005480023826753548,0.011034869018875092,0.011034869018875092,0.004397092802715828,0.0023416424231239574,0.00987824795785001,0.00459803940059956
