Region,bulk_carrier_capesize_ice,bulk_carrier_handy_ice,bulk_carrier_ice,bulk_carrier_panamax_ice,container_15000_teu_ice,container_3500_teu_ice,container_8000_teu_ice,container_ice,fleet,gas_carrier_100k_cbm_ice,gas_carrier_ice,tanker_100k_dwt_ice,tanker_300k_dwt_ice,tanker_35k_dwt_ice,tanker_ice
Global,0.00038397005615090416,0.002166159189953667,0.0006663221038698319,0.0006232102511129228,6.846774873912207e-05,0.00027309444026982536,0.00011137079132104581,0.0001638025126725428,0.0004658714453291283,0.0006243311747354161,0.0006243311747354161,0.0005271265950148805,0.00014665045701173346,0.0024407882196380336,0.000732844160612242
Global Average,0.00038397005615090416,0.002166159189953667,0.0006663221038698319,0.0006232102511129228,6.846774873912207e-05,0.00027309444026982536,0.00011137079132104581,0.0001638025126725428,0.0004658714453291283,0.0006243311747354161,0.0006243311747354161,0.0005271265950148805,0.00014665045701173346,0.0024407882196380336,0.000732844160612242
