Region,bulk_carrier_capesize_ice,bulk_carrier_handy_ice,bulk_carrier_ice,bulk_carrier_panamax_ice,container_15000_teu_ice,container_3500_teu_ice,container_8000_teu_ice,container_ice,fleet,gas_carrier_100k_cbm_ice,gas_carrier_ice,tanker_100k_dwt_ice,tanker_300k_dwt_ice,tanker_35k_dwt_ice,tanker_ice
Global,0.21794668134155626,0.3121224498184877,0.2669734403397168,0.28231074179752275,0.24302883815488566,0.19766847675510577,0.16393732592485458,0.1920125013972598,0.18558069343689096,0.08461751856123598,0.08461751856123598,0.13250214764059864,0.17714678418623117,0.16004339737339424,0.152947078535485
Global Average,0.21794668134155626,0.3121224498184877,0.2669734403397168,0.28231074179752275,0.24302883815488566,0.19766847675510577,0.16393732592485458,0.1920125013972598,0.18558069343689096,0.08461751856123598,0.08461751856123598,0.13250214764059864,0.17714678418623117,0.16004339737339424,0.152947078535485
