Region,bulk_carrier_capesize_ice,bulk_carrier_handy_ice,bulk_carrier_ice,bulk_carrier_panamax_ice,container_15000_teu_ice,container_3500_teu_ice,container_8000_teu_ice,container_ice,fleet,gas_carrier_100k_cbm_ice,gas_carrier_ice,tanker_100k_dwt_ice,tanker_300k_dwt_ice,tanker_35k_dwt_ice,tanker_ice
Global,0.003111381199265096,0.011320646020350515,0.0036880490381172174,0.0032612474585371654,0.0014882316116858144,0.0023245274768191357,0.002609714355430144,0.002203547364151466,0.0030881354911631784,0.004136903945396086,0.004136903945396085,0.0034118010507798676,0.0017520043228458427,0.009648680682028746,0.003706213435833181
Global Average,0.003111381199265096,0.011320646020350515,0.0036880490381172174,0.0032612474585371654,0.0014882316116858144,0.0023245274768191357,0.002609714355430144,0.002203547364151466,0.0030881354911631784,0.004136903945396086,0.004136903945396085,0.0034118010507798676,0.0017520043228458427,0.009648680682028746,0.003706213435833181
