Region,bulk_carrier_capesize_ice,bulk_carrier_handy_ice,bulk_carrier_ice,bulk_carrier_panamax_ice,container_15000_teu_ice,container_3500_teu_ice,container_8000_teu_ice,container_ice,fleet,gas_carrier_100k_cbm_ice,gas_carrier_ice,tanker_100k_dwt_ice,tanker_300k_dwt_ice,tanker_35k_dwt_ice,tanker_ice
Global,0.0005961506982020781,0.004926804957041168,0.001094477530529343,0.0010194506543092857,0.0002023074917553289,0.0008067730127644505,0.00033699627382098953,0.0004879500091345453,0.0009220969903778605,0.0016135185815232345,0.0016135185815232345,0.0007231711596734399,0.00019740808698005932,0.004044936479581329,0.0010307272098475132
Global Average,0.0005961506982020781,0.004926804957041168,0.001094477530529343,0.0010194506543092857,0.0002023074917553289,0.0008067730127644505,0.00033699627382098953,0.0004879500091345453,0.0009220969903778605,0.0016135185815232345,0.0016135185815232345,0.0007231711596734399,0.00019740808698005932,0.004044936479581329,0.0010307272098475132
