Region,bulk_carrier_capesize_ice,bulk_carrier_handy_ice,bulk_carrier_ice,bulk_carrier_panamax_ice,container_15000_teu_ice,container_3500_teu_ice,container_8000_teu_ice,container_ice,fleet,gas_carrier_100k_cbm_ice,gas_carrier_ice,tanker_100k_dwt_ice,tanker_300k_dwt_ice,tanker_35k_dwt_ice,tanker_ice
Global,0.000570865235573678,0.0017736190299426713,0.0008644821286224121,0.000883449493908768,0.00041981200171821225,0.0006857323692786105,0.0005200915699751711,0.0005591083869160081,0.0008068314705408406,0.002914091951820301,0.0029140919518203007,0.0007707371307118696,0.0003647473993607215,0.0019100385749189954,0.0008339121859106993
Global Average,0.000570865235573678,0.0017736190299426713,0.0008644821286224121,0.000883449493908768,0.00041981200171821225,0.0006857323692786105,0.0005200915699751711,0.0005591083869160081,0.0008068314705408406,0.002914091951820301,0.0029140919518203007,0.0007707371307118696,0.0003647473993607215,0.0019100385749189954,0.0008339121859106993
