Region,bulk_carrier_capesize_ice,bulk_carrier_handy_ice,bulk_carrier_ice,bulk_carrier_panamax_ice,container_15000_teu_ice,container_3500_teu_ice,container_8000_teu_ice,container_ice,fleet,gas_carrier_100k_cbm_ice,gas_carrier_ice,tanker_100k_dwt_ice,tanker_300k_dwt_ice,tanker_35k_dwt_ice,tanker_ice
Global,0.0024718971765125526,0.005441966767576235,0.0026935581927733454,0.002380673538273287,0.0011835035146116435,0.001848200753161452,0.002012161287356896,0.0017335812668726478,0.0023935514175630807,0.003490760350681644,0.003490760350681644,0.002747571196504705,0.0014459611021034918,0.006073329468053624,0.002885745638419589
Global Average,0.0024718971765125526,0.005441966767576235,0.0026935581927733454,0.002380673538273287,0.0011835035146116435,0.001848200753161452,0.002012161287356896,0.0017335812668726478,0.0023935514175630807,0.003490760350681644,0.003490760350681644,0.002747571196504705,0.0014459611021034918,0.006073329468053624,0.002885745638419589
