Region,bulk_carrier_capesize_ice,bulk_carrier_handy_ice,bulk_carrier_ice,bulk_carrier_panamax_ice,container_15000_teu_ice,container_3500_teu_ice,container_8000_teu_ice,container_ice,fleet,gas_carrier_100k_cbm_ice,gas_carrier_ice,tanker_100k_dwt_ice,tanker_300k_dwt_ice,tanker_35k_dwt_ice,tanker_ice
Global,0.00028806176387499146,0.0015237738616404233,0.00042250297446840733,0.00039464517872203565,0.0002827330697917375,0.0003650046677952333,0.00033594602043938185,0.000333551460158935,0.00031796433402388836,0.0002587267978469567,0.0002587267978469567,0.0001992233307747481,0.00012583162720845395,0.0006672213098311779,0.00024284145520375594
Global Average,0.00028806176387499146,0.0015237738616404233,0.00042250297446840733,0.00039464517872203565,0.0002827330697917375,0.0003650046677952333,0.00033594602043938185,0.000333551460158935,0.00031796433402388836,0.0002587267978469567,0.0002587267978469567,0.0001992233307747481,0.00012583162720845395,0.0006672213098311779,0.00024284145520375594
