Region,bulk_carrier_capesize_ice,bulk_carrier_handy_ice,bulk_carrier_ice,bulk_carrier_panamax_ice,container_15000_teu_ice,container_3500_teu_ice,container_8000_teu_ice,container_ice,fleet,gas_carrier_100k_cbm_ice,gas_carrier_ice,tanker_100k_dwt_ice,tanker_300k_dwt_ice,tanker_35k_dwt_ice,tanker_ice
Global,0.00016922553229185275,0.00047382292611121353,0.00024935168204004454,0.0002601916222675604,0.0001216517400137646,0.0001570202147365363,0.00014014641903458265,0.00014198005869343994,0.00018661062015162862,0.00021831622380019016,0.00021831622380019013,0.00015746060291712738,0.00010192429274100615,0.0004121879326467241,0.00018557390451729903
Global Average,0.00016922553229185275,0.00047382292611121353,0.00024935168204004454,0.0002601916222675604,0.0001216517400137646,0.0001570202147365363,0.00014014641903458265,0.00014198005869343994,0.00018661062015162862,0.00021831622380019016,0.00021831622380019013,0.00015746060291712738,0.00010192429274100615,0.0004121879326467241,0.00018557390451729903
