Region,bulk_carrier_capesize_ice,bulk_carrier_handy_ice,bulk_carrier_ice,bulk_carrier_panamax_ice,container_15000_teu_ice,container_3500_teu_ice,container_8000_teu_ice,container_ice,fleet,gas_carrier_100k_cbm_ice,gas_carrier_ice,tanker_100k_dwt_ice,tanker_300k_dwt_ice,tanker_35k_dwt_ice,tanker_ice
Global,34099584559.51851,19117832762.55665,103416176366.17203,50198759044.09687,21424344474.14928,50730105902.92175,49200012272.45437,121354462649.5254,396536950718.7505,37454538598.53078,37454538598.53078,51929979948.109314,26717802836.10357,55663990320.30939,134311773104.52228
Global Average,34099584559.51851,19117832762.55665,103416176366.17203,50198759044.09687,21424344474.14928,50730105902.92175,49200012272.45437,121354462649.5254,396536950718.7505,37454538598.53078,37454538598.53078,51929979948.109314,26717802836.10357,55663990320.30939,134311773104.52228
