Region,bulk_carrier_capesize_ice,bulk_carrier_handy_ice,bulk_carrier_ice,bulk_carrier_panamax_ice,container_15000_teu_ice,container_3500_teu_ice,container_8000_teu_ice,container_ice,fleet,gas_carrier_100k_cbm_ice,gas_carrier_ice,tanker_100k_dwt_ice,tanker_300k_dwt_ice,tanker_35k_dwt_ice,tanker_ice
Global,0.0005459925829216874,0.004465039158009827,0.0009692596044089165,0.0008942969254766103,0.00016046672761967662,0.0004715869043059561,0.0002492890647960119,0.00031416229794234223,0.0006957125805756452,0.0007935197758180704,0.0007935197758180703,0.0007490765026706113,0.00022244940337740437,0.003937000938834927,0.0010349624933956676
Global Average,0.0005459925829216874,0.004465039158009827,0.0009692596044089165,0.0008942969254766103,0.00016046672761967662,0.0004715869043059561,0.0002492890647960119,0.00031416229794234223,0.0006957125805756452,0.0007935197758180704,0.0007935197758180703,0.0007490765026706113,0.00022244940337740437,0.003937000938834927,0.0010349624933956676
