Region,bulk_carrier_capesize_ice,bulk_carrier_handy_ice,bulk_carrier_ice,bulk_carrier_panamax_ice,container_15000_teu_ice,container_3500_teu_ice,container_8000_teu_ice,container_ice,fleet,gas_carrier_100k_cbm_ice,gas_carrier_ice,tanker_100k_dwt_ice,tanker_300k_dwt_ice,tanker_35k_dwt_ice,tanker_ice
Global,0.002438268004044515,0.0045592277002434655,0.0029043578875396414,0.0028802091975433618,0.0015859445062312233,0.0024782591836703624,0.0026871650647141447,0.0023208763701937293,0.002987087431331839,0.008005068783857578,0.008005068783857578,0.0031856411646992715,0.0016802073654882577,0.006981291603656576,0.00334307940011486
Global Average,0.002438268004044515,0.0045592277002434655,0.0029043578875396414,0.0028802091975433618,0.0015859445062312233,0.0024782591836703624,0.0026871650647141447,0.0023208763701937293,0.002987087431331839,0.008005068783857578,0.008005068783857578,0.0031856411646992715,0.0016802073654882577,0.006981291603656576,0.00334307940011486
