Region,bulk_carrier_capesize_ice,bulk_carrier_handy_ice,bulk_carrier_ice,bulk_carrier_panamax_ice,container_15000_teu_ice,container_3500_teu_ice,container_8000_teu_ice,container_ice,fleet,gas_carrier_100k_cbm_ice,gas_carrier_ice,tanker_100k_dwt_ice,tanker_300k_dwt_ice,tanker_35k_dwt_ice,tanker_ice
Global,6.140225015726978e-05,0.0004594353069301273,0.00010599645551534865,9.897116720626145e-05,5.1734833760670005e-05,0.00011390494438767205,8.161212595466948e-05,8.659910395857467e-05,9.946787644238518e-05,7.525005555650152e-05,7.525005555650151e-05,0.00010423653119558632,3.1522710397640684e-05,0.0003956122011852889,0.00012002295658314494
Global Average,6.140225015726978e-05,0.0004594353069301273,0.00010599645551534865,9.897116720626145e-05,5.1734833760670005e-05,0.00011390494438767205,8.161212595466948e-05,8.659910395857467e-05,9.946787644238518e-05,7.525005555650152e-05,7.525005555650151e-05,0.00010423653119558632,3.1522710397640684e-05,0.0003956122011852889,0.00012002295658314494
