Region,bulk_carrier_capesize_ice,bulk_carrier_handy_ice,bulk_carrier_ice,bulk_carrier_panamax_ice,container_15000_teu_ice,container_3500_teu_ice,container_8000_teu_ice,container_ice,fleet,gas_carrier_100k_cbm_ice,gas_carrier_ice,tanker_100k_dwt_ice,tanker_300k_dwt_ice,tanker_35k_dwt_ice,tanker_ice
Global,0.0005916578003826537,0.0021157752491762294,0.0008270257682143261,0.0007617157121219079,0.0003090446050648619,0.000504801883644449,0.00038286540923722226,0.0004115876390282194,0.0006481427512385575,0.001247231355379089,0.001247231355379089,0.0006721583797914658,0.0003180955104122345,0.0016657409935226062,0.0007272532247828593
Global Average,0.0005916578003826537,0.0021157752491762294,0.0008270257682143261,0.0007617157121219079,0.0003090446050648619,0.000504801883644449,0.00038286540923722226,0.0004115876390282194,0.0006481427512385575,0.001247231355379089,0.001247231355379089,0.0006721583797914658,0.0003180955104122345,0.0016657409935226062,0.0007272532247828593
