Region,bulk_carrier_capesize_ice,bulk_carrier_handy_ice,bulk_carrier_ice,bulk_carrier_panamax_ice,container_15000_teu_ice,container_3500_teu_ice,container_8000_teu_ice,container_ice,fleet,gas_carrier_100k_cbm_ice,gas_carrier_ice,tanker_100k_dwt_ice,tanker_300k_dwt_ice,tanker_35k_dwt_ice,tanker_ice
Global,0.00021300446661431967,0.0011499479558118608,0.0003111476124743878,0.00028899927184842443,0.00011261224454904124,0.00014538092392791467,0.00013380689933746993,0.00013285314883319487,0.00018990906058479937,0.00011073506947849749,0.00011073506947849748,0.00016619791818193262,0.0001049724166449928,0.0005566154939249696,0.00020258543086385815
Global Average,0.00021300446661431967,0.0011499479558118608,0.0003111476124743878,0.00028899927184842443,0.00011261224454904124,0.00014538092392791467,0.00013380689933746993,0.00013285314883319487,0.00018990906058479937,0.00011073506947849749,0.00011073506947849748,0.00016619791818193262,0.0001049724166449928,0.0005566154939249696,0.00020258543086385815
