Region,bulk_carrier_capesize_ice,bulk_carrier_handy_ice,bulk_carrier_ice,bulk_carrier_panamax_ice,container_15000_teu_ice,container_3500_teu_ice,container_8000_teu_ice,container_ice,fleet,gas_carrier_100k_cbm_ice,gas_carrier_ice,tanker_100k_dwt_ice,tanker_300k_dwt_ice,tanker_35k_dwt_ice,tanker_ice
Global,0.00044130487191306465,0.001839768407219552,0.0007932186324231405,0.0008262826848900755,0.00017334754943763953,0.0005093424569084162,0.00026109991269977593,0.00033574500787424843,0.000686792636459164,0.001564438815844279,0.0015644388158442789,0.0007096962406740307,0.00021599005562174264,0.002915449346124972,0.0009480545077176023
Global Average,0.00044130487191306465,0.001839768407219552,0.0007932186324231405,0.0008262826848900755,0.00017334754943763953,0.0005093424569084162,0.00026109991269977593,0.00033574500787424843,0.000686792636459164,0.001564438815844279,0.0015644388158442789,0.0007096962406740307,0.00021599005562174264,0.002915449346124972,0.0009480545077176023
