Region,bulk_carrier_capesize_ice,bulk_carrier_handy_ice,bulk_carrier_ice,bulk_carrier_panamax_ice,container_15000_teu_ice,container_3500_teu_ice,container_8000_teu_ice,container_ice,fleet,gas_carrier_100k_cbm_ice,gas_carrier_ice,tanker_100k_dwt_ice,tanker_300k_dwt_ice,tanker_35k_dwt_ice,tanker_ice
Global,0.0005554711962378537,0.0044650391580098306,0.0009897991528648408,0.0009177662685412486,0.00016046672761967662,0.0004715869043059561,0.0002492890647960119,0.00031416229794234223,0.0006989320559598342,0.0007935197758180704,0.0007935197758180703,0.0007490765026706118,0.00022244940337740445,0.003937000938834928,0.0010349624933956678
Global Average,0.0005554711962378537,0.0044650391580098306,0.0009897991528648408,0.0009177662685412486,0.00016046672761967662,0.0004715869043059561,0.0002492890647960119,0.00031416229794234223,0.0006989320559598342,0.0007935197758180704,0.0007935197758180703,0.0007490765026706118,0.00022244940337740445,0.003937000938834928,0.0010349624933956678
