Region,bulk_carrier_capesize_ice,bulk_carrier_handy_ice,bulk_carrier_ice,bulk_carrier_panamax_ice,container_15000_teu_ice,container_3500_teu_ice,container_8000_teu_ice,container_ice,fleet,gas_carrier_100k_cbm_ice,gas_carrier_ice,tanker_100k_dwt_ice,tanker_300k_dwt_ice,tanker_35k_dwt_ice,tanker_ice
Global,0.00016692328660561953,0.0004631250340794113,0.0002450303705669963,0.0002552331190576168,0.00012000603210854464,0.0001549956339289467,0.00013777800032759027,0.00013992698266847802,0.00018369497374456874,0.0002142766328783465,0.0002142766328783465,0.0001551810676436322,0.00010067065778326745,0.0004027384885315216,0.00018273615171116153
Global Average,0.00016692328660561953,0.0004631250340794113,0.0002450303705669963,0.0002552331190576168,0.00012000603210854464,0.0001549956339289467,0.00013777800032759027,0.00013992698266847802,0.00018369497374456874,0.0002142766328783465,0.0002142766328783465,0.0001551810676436322,0.00010067065778326745,0.0004027384885315216,0.00018273615171116153
