Region,bulk_carrier_capesize_ice,bulk_carrier_handy_ice,bulk_carrier_ice,bulk_carrier_panamax_ice,container_15000_teu_ice,container_3500_teu_ice,container_8000_teu_ice,container_ice,fleet,gas_carrier_100k_cbm_ice,gas_carrier_ice,tanker_100k_dwt_ice,tanker_300k_dwt_ice,tanker_35k_dwt_ice,tanker_ice
Global,0.0008150685159118056,0.0028773860739517393,0.0011491748883125544,0.0010686594553429732,0.0007759114494384478,0.0012673949158103488,0.0009612517084993248,0.0010333639750880247,0.001092861305363854,0.002914091951820301,0.0029140919518203007,0.0008092475507163703,0.00038297225837582695,0.0020054749887284487,0.0008755791917504605
Global Average,0.0008150685159118056,0.0028773860739517393,0.0011491748883125544,0.0010686594553429732,0.0007759114494384478,0.0012673949158103488,0.0009612517084993248,0.0010333639750880247,0.001092861305363854,0.002914091951820301,0.0029140919518203007,0.0008092475507163703,0.00038297225837582695,0.0020054749887284487,0.0008755791917504605
