Region,bulk_carrier_capesize_ice,bulk_carrier_handy_ice,bulk_carrier_ice,bulk_carrier_panamax_ice,container_15000_teu_ice,container_3500_teu_ice,container_8000_teu_ice,container_ice,fleet,gas_carrier_100k_cbm_ice,gas_carrier_ice,tanker_100k_dwt_ice,tanker_300k_dwt_ice,tanker_35k_dwt_ice,tanker_ice
Global,48.08700882294911,58.056202178693226,52.7769822248547,53.86365187291108,46.79771496790318,49.61434235829316,43.844193921876496,46.79472913318839,46.80329189770044,52.17718307760905,52.17718307760905,42.38713564672301,42.35983307409464,41.24481431674097,41.854585457498345
Global Average,48.08700882294911,58.056202178693226,52.7769822248547,53.86365187291108,46.79771496790318,49.61434235829316,43.844193921876496,46.79472913318839,46.80329189770044,52.17718307760905,52.17718307760905,42.38713564672301,42.35983307409464,41.24481431674097,41.854585457498345
