Region,bulk_carrier_capesize_ice,bulk_carrier_handy_ice,bulk_carrier_ice,bulk_carrier_panamax_ice,container_15000_teu_ice,container_3500_teu_ice,container_8000_teu_ice,container_ice,fleet,gas_carrier_100k_cbm_ice,gas_carrier_ice,tanker_100k_dwt_ice,tanker_300k_dwt_ice,tanker_35k_dwt_ice,tanker_ice
Global,3.8212216969128034,2.0273150527996315,2.555209560835715,2.410141521004295,8.356053175221776,2.5166059678290034,5.134091485031539,3.7596095758725867,2.7568996977266007,1.1679917973310177,1.1679917973310177,2.434028403871625,4.7635240672725425,2.5967839756743625,2.7922891080104733
Global Average,3.8212216969128034,2.0273150527996315,2.555209560835715,2.410141521004295,8.356053175221776,2.5166059678290034,5.134091485031539,3.7596095758725867,2.7568996977266007,1.1679917973310177,1.1679917973310177,2.434028403871625,4.7635240672725425,2.5967839756743625,2.7922891080104733
