Region,bulk_carrier_capesize_ice,bulk_carrier_handy_ice,bulk_carrier_ice,bulk_carrier_panamax_ice,container_15000_teu_ice,container_3500_teu_ice,container_8000_teu_ice,container_ice,fleet,gas_carrier_100k_cbm_ice,gas_carrier_ice,tanker_100k_dwt_ice,tanker_300k_dwt_ice,tanker_35k_dwt_ice,tanker_ice
Global,0.00044130487191306465,0.002146396475089478,0.0007228975509393626,0.0006699589336946559,0.0001276097985185183,0.00037495244965313055,0.00019220870073394008,0.000247158687546628,0.0005417281133260164,0.0006695798131813515,0.0006695798131813515,0.0006032418045729262,0.00018359154727848123,0.0024781319442062264,0.0008058463315599618
Global Average,0.00044130487191306465,0.002146396475089478,0.0007228975509393626,0.0006699589336946559,0.0001276097985185183,0.00037495244965313055,0.00019220870073394008,0.000247158687546628,0.0005417281133260164,0.0006695798131813515,0.0006695798131813515,0.0006032418045729262,0.00018359154727848123,0.0024781319442062264,0.0008058463315599618
