Region,bulk_carrier_capesize_ice,bulk_carrier_handy_ice,bulk_carrier_ice,bulk_carrier_panamax_ice,container_15000_teu_ice,container_3500_teu_ice,container_8000_teu_ice,container_ice,fleet,gas_carrier_100k_cbm_ice,gas_carrier_ice,tanker_100k_dwt_ice,tanker_300k_dwt_ice,tanker_35k_dwt_ice,tanker_ice
Global,0.0004236360358361273,0.0017929996380439159,0.000767834280421778,0.0007997993009452146,0.00016085856295446993,0.0004932382860172306,0.00024639999306020363,0.00032106621545611547,0.0006669999815536906,0.0015410568543290297,0.0015410568543290295,0.0006930961070395984,0.0002050957674663332,0.0028645372953447715,0.0009269628540376479
Global Average,0.0004236360358361273,0.0017929996380439159,0.000767834280421778,0.0007997993009452146,0.00016085856295446993,0.0004932382860172306,0.00024639999306020363,0.00032106621545611547,0.0006669999815536906,0.0015410568543290297,0.0015410568543290295,0.0006930961070395984,0.0002050957674663332,0.0028645372953447715,0.0009269628540376479
