Region,bulk_carrier_capesize_ice,bulk_carrier_handy_ice,bulk_carrier_ice,bulk_carrier_panamax_ice,container_15000_teu_ice,container_3500_teu_ice,container_8000_teu_ice,container_ice,fleet,gas_carrier_100k_cbm_ice,gas_carrier_ice,tanker_100k_dwt_ice,tanker_300k_dwt_ice,tanker_35k_dwt_ice,tanker_ice
Global,0.003820763232498397,0.008816257600205369,0.004990590624168273,0.0050173790280910475,0.002415341611986319,0.004051254816844945,0.003910819362974462,0.0035791564512648974,0.0049133518759956465,0.013904177809788813,0.013904177809788813,0.005102300830107626,0.0024996107486647684,0.012568477502287971,0.005539283641129345
Global Average,0.003820763232498397,0.008816257600205369,0.004990590624168273,0.0050173790280910475,0.002415341611986319,0.004051254816844945,0.003910819362974462,0.0035791564512648974,0.0049133518759956465,0.013904177809788813,0.013904177809788813,0.005102300830107626,0.0024996107486647684,0.012568477502287971,0.005539283641129345
