Region,bulk_carrier_capesize_ice,bulk_carrier_handy_ice,bulk_carrier_ice,bulk_carrier_panamax_ice,container_15000_teu_ice,container_3500_teu_ice,container_8000_teu_ice,container_ice,fleet,gas_carrier_100k_cbm_ice,gas_carrier_ice,tanker_100k_dwt_ice,tanker_300k_dwt_ice,tanker_35k_dwt_ice,tanker_ice
Global,2.2253268254474987,1.2268892014897237,1.514713849736656,1.4288846656767835,4.924663368674552,1.4841821454645352,2.980037666972783,2.2048411373944323,1.6172828442893505,0.667617820904685,0.667617820904685,1.4076079272387882,2.7269064002375516,1.5276309092901856,1.6249593917733252
Global Average,2.2253268254474987,1.2268892014897237,1.514713849736656,1.4288846656767835,4.924663368674552,1.4841821454645352,2.980037666972783,2.2048411373944323,1.6172828442893505,0.667617820904685,0.667617820904685,1.4076079272387882,2.7269064002375516,1.5276309092901856,1.6249593917733252
