Region,bulk_carrier_capesize_ice,bulk_carrier_handy_ice,bulk_carrier_ice,bulk_carrier_panamax_ice,container_15000_teu_ice,container_3500_teu_ice,container_8000_teu_ice,container_ice,fleet,gas_carrier_100k_cbm_ice,gas_carrier_ice,tanker_100k_dwt_ice,tanker_300k_dwt_ice,tanker_35k_dwt_ice,tanker_ice
Global,0.0004180015622146635,0.0017550094439089212,0.0007550134408772596,0.0007851271487917033,0.0001587700538117071,0.0004871492906835924,0.0002423366210215334,0.000316583549450054,0.0006568956757544501,0.001512889613378244,0.001512889613378244,0.0006832541890643442,0.00020260460179376283,0.0028011866567738326,0.0009130981472221562
Global Average,0.0004180015622146635,0.0017550094439089212,0.0007550134408772596,0.0007851271487917033,0.0001587700538117071,0.0004871492906835924,0.0002423366210215334,0.000316583549450054,0.0006568956757544501,0.001512889613378244,0.001512889613378244,0.0006832541890643442,0.00020260460179376283,0.0028011866567738326,0.0009130981472221562
