Region,bulk_carrier_capesize_ice,bulk_carrier_handy_ice,bulk_carrier_ice,bulk_carrier_panamax_ice,container_15000_teu_ice,container_3500_teu_ice,container_8000_teu_ice,container_ice,fleet,gas_carrier_100k_cbm_ice,gas_carrier_ice,tanker_100k_dwt_ice,tanker_300k_dwt_ice,tanker_35k_dwt_ice,tanker_ice
Global,52.734077816273064,61.831691032844915,57.093510040619414,58.17055420662795,51.358482164211345,54.24077675443536,48.78768585606444,51.53749281227668,50.78506701645286,57.420562005809856,57.420562005809856,45.88964135209549,46.40193318999307,43.30487408644945,44.783879064654464
Global Average,52.734077816273064,61.831691032844915,57.093510040619414,58.17055420662795,51.358482164211345,54.24077675443536,48.78768585606444,51.53749281227668,50.78506701645286,57.420562005809856,57.420562005809856,45.88964135209549,46.40193318999307,43.30487408644945,44.783879064654464
