Region,bulk_carrier_capesize_ice,bulk_carrier_handy_ice,bulk_carrier_ice,bulk_carrier_panamax_ice,container_15000_teu_ice,container_3500_teu_ice,container_8000_teu_ice,container_ice,fleet,gas_carrier_100k_cbm_ice,gas_carrier_ice,tanker_100k_dwt_ice,tanker_300k_dwt_ice,tanker_35k_dwt_ice,tanker_ice
Global,0.0005001898912659288,0.0018509679454468118,0.0006953075072773952,0.0006304183444291823,0.0002722695354665206,0.00045738154203826364,0.0003395800258665375,0.0003683644668737846,0.0005755602133875572,0.0012072014372649822,0.0012072014372649822,0.0005986861067480194,0.00027299470972822127,0.0014792819781372496,0.0006427949307934286
Global Average,0.0005001898912659288,0.0018509679454468118,0.0006953075072773952,0.0006304183444291823,0.0002722695354665206,0.00045738154203826364,0.0003395800258665375,0.0003683644668737846,0.0005755602133875572,0.0012072014372649822,0.0012072014372649822,0.0005986861067480194,0.00027299470972822127,0.0014792819781372496,0.0006427949307934286
