Region,bulk_carrier_capesize_ice,bulk_carrier_handy_ice,bulk_carrier_ice,bulk_carrier_panamax_ice,container_15000_teu_ice,container_3500_teu_ice,container_8000_teu_ice,container_ice,fleet,gas_carrier_100k_cbm_ice,gas_carrier_ice,tanker_100k_dwt_ice,tanker_300k_dwt_ice,tanker_35k_dwt_ice,tanker_ice
Global,1.5153575080950352,2.5259694124466603,1.9570238391620707,2.030908938930371,2.1938566930241423,2.948332617422689,1.9003508666289057,2.3936913537780624,1.7819549293536274,1.1284067647814222,1.1284067647814222,1.403202737879799,1.1940994513281629,1.4174913565216098,1.373651293199665
Global Average,1.5153575080950352,2.5259694124466603,1.9570238391620707,2.030908938930371,2.1938566930241423,2.948332617422689,1.9003508666289057,2.3936913537780624,1.7819549293536274,1.1284067647814222,1.1284067647814222,1.403202737879799,1.1940994513281629,1.4174913565216098,1.373651293199665
