Region,bulk_carrier_capesize_ice,bulk_carrier_handy_ice,bulk_carrier_ice,bulk_carrier_panamax_ice,container_15000_teu_ice,container_3500_teu_ice,container_8000_teu_ice,container_ice,fleet,gas_carrier_100k_cbm_ice,gas_carrier_ice,tanker_100k_dwt_ice,tanker_300k_dwt_ice,tanker_35k_dwt_ice,tanker_ice
Global,38.26390001100505,30.686359444055565,31.47325862684264,29.63399800314939,44.19641529451937,31.621060160577724,36.10624131523644,34.00713112041431,38.404368885890264,32.97861668264123,32.97861668264123,42.85556081695227,38.34134525335012,60.155283202240206,51.30329284680843
Global Average,38.26390001100505,30.686359444055565,31.47325862684264,29.63399800314939,44.19641529451937,31.621060160577724,36.10624131523644,34.00713112041431,38.404368885890264,32.97861668264123,32.97861668264123,42.85556081695227,38.34134525335012,60.155283202240206,51.30329284680843
