Region,bulk_carrier_capesize_ice,bulk_carrier_handy_ice,bulk_carrier_ice,bulk_carrier_panamax_ice,container_15000_teu_ice,container_3500_teu_ice,container_8000_teu_ice,container_ice,fleet,gas_carrier_100k_cbm_ice,gas_carrier_ice,tanker_100k_dwt_ice,tanker_300k_dwt_ice,tanker_35k_dwt_ice,tanker_ice
Global,0.00015675969028633118,0.0005843042320262718,0.00022740050577074253,0.00021189551585992287,0.00019069176950958785,0.0004070028473427298,0.00028154553320372327,0.00030724360816356455,0.00023351822074216855,0.000273239546100262,0.000273239546100262,0.0001638124601157308,6.753857911080527e-05,0.00043195790186296724,0.00017839534042367019
Global Average,0.00015675969028633118,0.0005843042320262718,0.00022740050577074253,0.00021189551585992287,0.00019069176950958785,0.0004070028473427298,0.00028154553320372327,0.00030724360816356455,0.00023351822074216855,0.000273239546100262,0.000273239546100262,0.0001638124601157308,6.753857911080527e-05,0.00043195790186296724,0.00017839534042367019
