Region,bulk_carrier_capesize_ice,bulk_carrier_handy_ice,bulk_carrier_ice,bulk_carrier_panamax_ice,container_15000_teu_ice,container_3500_teu_ice,container_8000_teu_ice,container_ice,fleet,gas_carrier_100k_cbm_ice,gas_carrier_ice,tanker_100k_dwt_ice,tanker_300k_dwt_ice,tanker_35k_dwt_ice,tanker_ice
Global,0.004254971566782463,0.014551505528902563,0.0052816420155901165,0.00471538903292082,0.002002797397365543,0.0033605956311052064,0.0032817764505143573,0.002980634108547667,0.004402703279551002,0.006485433819212851,0.006485433819212851,0.0048363304713413225,0.0023392915547171375,0.01338668810075994,0.005339049787833761
Global Average,0.004254971566782463,0.014551505528902563,0.0052816420155901165,0.00471538903292082,0.002002797397365543,0.0033605956311052064,0.0032817764505143573,0.002980634108547667,0.004402703279551002,0.006485433819212851,0.006485433819212851,0.0048363304713413225,0.0023392915547171375,0.01338668810075994,0.005339049787833761
