Region,bulk_carrier_capesize_ice,bulk_carrier_handy_ice,bulk_carrier_ice,bulk_carrier_panamax_ice,container_15000_teu_ice,container_3500_teu_ice,container_8000_teu_ice,container_ice,fleet,gas_carrier_100k_cbm_ice,gas_carrier_ice,tanker_100k_dwt_ice,tanker_300k_dwt_ice,tanker_35k_dwt_ice,tanker_ice
Global,0.0006590976016740971,0.003939356034037943,0.001149470772986354,0.001081721495303515,0.0003348834099463085,0.0010272460306574882,0.0005191261695822099,0.0006712952698690708,0.001010022594231993,0.0016794559269991014,0.0016794559269991014,0.0007915717380729204,0.00023184186859455893,0.0036572914521661223,0.0010766147074830926
Global Average,0.0006590976016740971,0.003939356034037943,0.001149470772986354,0.001081721495303515,0.0003348834099463085,0.0010272460306574882,0.0005191261695822099,0.0006712952698690708,0.001010022594231993,0.0016794559269991014,0.0016794559269991014,0.0007915717380729204,0.00023184186859455893,0.0036572914521661223,0.0010766147074830926
