Region,bulk_carrier_capesize_ice,bulk_carrier_handy_ice,bulk_carrier_ice,bulk_carrier_panamax_ice,container_15000_teu_ice,container_3500_teu_ice,container_8000_teu_ice,container_ice,fleet,gas_carrier_100k_cbm_ice,gas_carrier_ice,tanker_100k_dwt_ice,tanker_300k_dwt_ice,tanker_35k_dwt_ice,tanker_ice
Global,1.3601872101778378,2.011069235154426,1.6910294540833968,1.788439408629204,1.5244995338503244,1.239834986453256,1.0148050450363173,1.198959497261842,1.131429293070414,0.5153428616637213,0.5153428616637213,0.8189861826198371,1.0831366840186385,0.8354721850420876,0.8722751896184642
Global Average,1.3601872101778378,2.011069235154426,1.6910294540833968,1.788439408629204,1.5244995338503244,1.239834986453256,1.0148050450363173,1.198959497261842,1.131429293070414,0.5153428616637213,0.5153428616637213,0.8189861826198371,1.0831366840186385,0.8354721850420876,0.8722751896184642
