Region,bulk_carrier_capesize_ice,bulk_carrier_handy_ice,bulk_carrier_ice,bulk_carrier_panamax_ice,container_15000_teu_ice,container_3500_teu_ice,container_8000_teu_ice,container_ice,fleet,gas_carrier_100k_cbm_ice,gas_carrier_ice,tanker_100k_dwt_ice,tanker_300k_dwt_ice,tanker_35k_dwt_ice,tanker_ice
Global,0.0004390660868913266,0.002138894650943092,0.0007345654867834501,0.0006895919894397509,0.000118416031118933,0.0003630973642515843,0.00018138735489126894,0.00023635289450801942,0.0005358135111295131,0.0006595723336528246,0.0006595723336528246,0.0006044477913205256,0.0001788636271291746,0.0024981575047679453,0.0008084025347544128
Global Average,0.0004390660868913266,0.002138894650943092,0.0007345654867834501,0.0006895919894397509,0.000118416031118933,0.0003630973642515843,0.00018138735489126894,0.00023635289450801942,0.0005358135111295131,0.0006595723336528246,0.0006595723336528246,0.0006044477913205256,0.0001788636271291746,0.0024981575047679453,0.0008084025347544128
