Region,bulk_carrier_capesize_ice,bulk_carrier_handy_ice,bulk_carrier_ice,bulk_carrier_panamax_ice,container_15000_teu_ice,container_3500_teu_ice,container_8000_teu_ice,container_ice,fleet,gas_carrier_100k_cbm_ice,gas_carrier_ice,tanker_100k_dwt_ice,tanker_300k_dwt_ice,tanker_35k_dwt_ice,tanker_ice
Global,0.0006048579831082533,0.0029088277144132986,0.0010206988024753613,0.0009674724941549044,0.00029730450826978815,0.000911620515506483,0.0004554052170363956,0.0005934059807263112,0.0009034581534478397,0.0015410568543290297,0.0015410568543290295,0.0007277271389725306,0.0002153435209889627,0.0030076659055628817,0.0009732792016159582
Global Average,0.0006048579831082533,0.0029088277144132986,0.0010206988024753613,0.0009674724941549044,0.00029730450826978815,0.000911620515506483,0.0004554052170363956,0.0005934059807263112,0.0009034581534478397,0.0015410568543290297,0.0015410568543290295,0.0007277271389725306,0.0002153435209889627,0.0030076659055628817,0.0009732792016159582
