Region,bulk_carrier_capesize_ice,bulk_carrier_handy_ice,bulk_carrier_ice,bulk_carrier_panamax_ice,container_15000_teu_ice,container_3500_teu_ice,container_8000_teu_ice,container_ice,fleet,gas_carrier_100k_cbm_ice,gas_carrier_ice,tanker_100k_dwt_ice,tanker_300k_dwt_ice,tanker_35k_dwt_ice,tanker_ice
Global,0.004360251211055206,0.014578767431098172,0.005449113897656891,0.004907569266591538,0.002002797397365543,0.0033605956311052064,0.0032817764505143573,0.002980634108547667,0.0044391240976399534,0.006485433819212851,0.006485433819212851,0.004857293677922098,0.002354332813052778,0.013386688100759945,0.005362614716978317
Global Average,0.004360251211055206,0.014578767431098172,0.005449113897656891,0.004907569266591538,0.002002797397365543,0.0033605956311052064,0.0032817764505143573,0.002980634108547667,0.0044391240976399534,0.006485433819212851,0.006485433819212851,0.004857293677922098,0.002354332813052778,0.013386688100759945,0.005362614716978317
