Region,bulk_carrier_capesize_ice,bulk_carrier_handy_ice,bulk_carrier_ice,bulk_carrier_panamax_ice,container_15000_teu_ice,container_3500_teu_ice,container_8000_teu_ice,container_ice,fleet,gas_carrier_100k_cbm_ice,gas_carrier_ice,tanker_100k_dwt_ice,tanker_300k_dwt_ice,tanker_35k_dwt_ice,tanker_ice
Global,0.00594438543957669,0.01936998582603799,0.007471062713258942,0.006785960850874657,0.005028379094970123,0.008437373066454572,0.008239483494355552,0.007483412081966317,0.007440174730751901,0.015152882755170214,0.015152882755170214,0.005827239678938853,0.002825579649392875,0.016046774957533774,0.006433563341814492
Global Average,0.00594438543957669,0.01936998582603799,0.007471062713258942,0.006785960850874657,0.005028379094970123,0.008437373066454572,0.008239483494355552,0.007483412081966317,0.007440174730751901,0.015152882755170214,0.015152882755170214,0.005827239678938853,0.002825579649392875,0.016046774957533774,0.006433563341814492
