Region,bulk_carrier_capesize_ice,bulk_carrier_handy_ice,bulk_carrier_ice,bulk_carrier_panamax_ice,container_15000_teu_ice,container_3500_teu_ice,container_8000_teu_ice,container_ice,fleet,gas_carrier_100k_cbm_ice,gas_carrier_ice,tanker_100k_dwt_ice,tanker_300k_dwt_ice,tanker_35k_dwt_ice,tanker_ice
Global,0.003959926492372926,0.010517038499231298,0.004774357859049182,0.004326015766287336,0.0017780537276637285,0.002982331233420406,0.0028789496740536506,0.0026347960215986543,0.003946987095801128,0.005950988102589612,0.005950988102589612,0.0044497068099031145,0.002179905760320688,0.010960945227305462,0.004830798684874535
Global Average,0.003959926492372926,0.010517038499231298,0.004774357859049182,0.004326015766287336,0.0017780537276637285,0.002982331233420406,0.0028789496740536506,0.0026347960215986543,0.003946987095801128,0.005950988102589612,0.005950988102589612,0.0044497068099031145,0.002179905760320688,0.010960945227305462,0.004830798684874535
