Region,bulk_carrier_capesize_ice,bulk_carrier_handy_ice,bulk_carrier_ice,bulk_carrier_panamax_ice,container_15000_teu_ice,container_3500_teu_ice,container_8000_teu_ice,container_ice,fleet,gas_carrier_100k_cbm_ice,gas_carrier_ice,tanker_100k_dwt_ice,tanker_300k_dwt_ice,tanker_35k_dwt_ice,tanker_ice
Global,0.0007782009315244537,0.003485757254408222,0.0011421509564169278,0.0010515834708232758,0.0007699848542462057,0.0012939872877437372,0.0009718697215712518,0.001046237765418284,0.001104944051221035,0.0030738730317388984,0.0030738730317388984,0.0008044092845987888,0.0003630533728746382,0.0022219645746162893,0.0008783174166401673
Global Average,0.0007782009315244537,0.003485757254408222,0.0011421509564169278,0.0010515834708232758,0.0007699848542462057,0.0012939872877437372,0.0009718697215712518,0.001046237765418284,0.001104944051221035,0.0030738730317388984,0.0030738730317388984,0.0008044092845987888,0.0003630533728746382,0.0022219645746162893,0.0008783174166401673
