Region,bulk_carrier_capesize_ice,bulk_carrier_handy_ice,bulk_carrier_ice,bulk_carrier_panamax_ice,container_15000_teu_ice,container_3500_teu_ice,container_8000_teu_ice,container_ice,fleet,gas_carrier_100k_cbm_ice,gas_carrier_ice,tanker_100k_dwt_ice,tanker_300k_dwt_ice,tanker_35k_dwt_ice,tanker_ice
Global,0.003769946050232772,0.008629458154924208,0.004907260713982845,0.0049253362513281915,0.002383981994276961,0.0040012423332757225,0.0038463262034964998,0.0035291849432640696,0.004838920075055131,0.013650039018289515,0.013650039018289515,0.005029848502436245,0.002469249593148072,0.012290519495971075,0.005456431838257654
Global Average,0.003769946050232772,0.008629458154924208,0.004907260713982845,0.0049253362513281915,0.002383981994276961,0.0040012423332757225,0.0038463262034964998,0.0035291849432640696,0.004838920075055131,0.013650039018289515,0.013650039018289515,0.005029848502436245,0.002469249593148072,0.012290519495971075,0.005456431838257654
