Region,bulk_carrier_capesize_ice,bulk_carrier_handy_ice,bulk_carrier_ice,bulk_carrier_panamax_ice,container_15000_teu_ice,container_3500_teu_ice,container_8000_teu_ice,container_ice,fleet,gas_carrier_100k_cbm_ice,gas_carrier_ice,tanker_100k_dwt_ice,tanker_300k_dwt_ice,tanker_35k_dwt_ice,tanker_ice
Global,0.00010213967118067089,0.0003420655689249001,0.00014140976370594018,0.00013300229272868101,5.2778858812791595e-05,6.817008947211569e-05,5.988340300162334e-05,6.129544805274112e-05,8.79340538846498e-05,5.340942567237479e-05,5.340942567237479e-05,7.941331173322922e-05,5.088442947062551e-05,0.00021146730136894763,9.40915777477454e-05
Global Average,0.00010213967118067089,0.0003420655689249001,0.00014140976370594018,0.00013300229272868101,5.2778858812791595e-05,6.817008947211569e-05,5.988340300162334e-05,6.129544805274112e-05,8.79340538846498e-05,5.340942567237479e-05,5.340942567237479e-05,7.941331173322922e-05,5.088442947062551e-05,0.00021146730136894763,9.40915777477454e-05
