Region,bulk_carrier_capesize_ice,bulk_carrier_handy_ice,bulk_carrier_ice,bulk_carrier_panamax_ice,container_15000_teu_ice,container_3500_teu_ice,container_8000_teu_ice,container_ice,fleet,gas_carrier_100k_cbm_ice,gas_carrier_ice,tanker_100k_dwt_ice,tanker_300k_dwt_ice,tanker_35k_dwt_ice,tanker_ice
Global,0.0005001898912659288,0.0015865439532401241,0.0007629447206169621,0.0007775159581293249,0.0003698560557855337,0.0006213156857138677,0.00046129189141688173,0.0005003932172434756,0.0007296843318071446,0.0028205641057593043,0.002820564105759304,0.0007043365961741403,0.0003211702467390839,0.0017403317389849994,0.0007562293303452101
Global Average,0.0005001898912659288,0.0015865439532401241,0.0007629447206169621,0.0007775159581293249,0.0003698560557855337,0.0006213156857138677,0.00046129189141688173,0.0005003932172434756,0.0007296843318071446,0.0028205641057593043,0.002820564105759304,0.0007043365961741403,0.0003211702467390839,0.0017403317389849994,0.0007562293303452101
