Region,bulk_carrier_capesize_ice,bulk_carrier_handy_ice,bulk_carrier_ice,bulk_carrier_panamax_ice,container_15000_teu_ice,container_3500_teu_ice,container_8000_teu_ice,container_ice,fleet,gas_carrier_100k_cbm_ice,gas_carrier_ice,tanker_100k_dwt_ice,tanker_300k_dwt_ice,tanker_35k_dwt_ice,tanker_ice
Global,0.003226157999105485,0.008973464427586356,0.0036615879383601856,0.0032330104778112343,0.001562729685253296,0.0024360511683731703,0.00268791456502686,0.0022965427486890296,0.00315117748572922,0.004451009024872987,0.004451009024872987,0.003511742488539274,0.0018467790132252271,0.008482041098273078,0.0037167015823389884
Global Average,0.003226157999105485,0.008973464427586356,0.0036615879383601856,0.0032330104778112343,0.001562729685253296,0.0024360511683731703,0.00268791456502686,0.0022965427486890296,0.00315117748572922,0.004451009024872987,0.004451009024872987,0.003511742488539274,0.0018467790132252271,0.008482041098273078,0.0037167015823389884
