Region,bulk_carrier_capesize_ice,bulk_carrier_handy_ice,bulk_carrier_ice,bulk_carrier_panamax_ice,container_15000_teu_ice,container_3500_teu_ice,container_8000_teu_ice,container_ice,fleet,gas_carrier_100k_cbm_ice,gas_carrier_ice,tanker_100k_dwt_ice,tanker_300k_dwt_ice,tanker_35k_dwt_ice,tanker_ice
Global,0.0004540586147913046,0.0020644412135848098,0.0006647790989894003,0.0006060324748618345,0.0004059300003841774,0.0006425008110894201,0.0004795450991552259,0.0005245731419006598,0.0006781239455071209,0.0026400990577771333,0.0026400990577771333,0.0005222273570417875,0.00022438432099372105,0.0013871209293760517,0.0005556720676875091
Global Average,0.0004540586147913046,0.0020644412135848098,0.0006647790989894003,0.0006060324748618345,0.0004059300003841774,0.0006425008110894201,0.0004795450991552259,0.0005245731419006598,0.0006781239455071209,0.0026400990577771333,0.0026400990577771333,0.0005222273570417875,0.00022438432099372105,0.0013871209293760517,0.0005556720676875091
