Region,bulk_carrier_capesize_ice,bulk_carrier_handy_ice,bulk_carrier_ice,bulk_carrier_panamax_ice,container_15000_teu_ice,container_3500_teu_ice,container_8000_teu_ice,container_ice,fleet,gas_carrier_100k_cbm_ice,gas_carrier_ice,tanker_100k_dwt_ice,tanker_300k_dwt_ice,tanker_35k_dwt_ice,tanker_ice
Global,0.0004140884955251474,0.0020593770832148845,0.000686612850537351,0.0006361942151978793,0.00011260973086980839,0.0003533807920091314,0.00017465233212043838,0.0002286889505107666,0.0005167559362871807,0.0006537745162272995,0.0006537745162272995,0.0005811576715828716,0.00016971430116668714,0.0024118297927944315,0.0007783128696511993
Global Average,0.0004140884955251474,0.0020593770832148845,0.000686612850537351,0.0006361942151978793,0.00011260973086980839,0.0003533807920091314,0.00017465233212043838,0.0002286889505107666,0.0005167559362871807,0.0006537745162272995,0.0006537745162272995,0.0005811576715828716,0.00016971430116668714,0.0024118297927944315,0.0007783128696511993
