Region,bulk_carrier_capesize_ice,bulk_carrier_handy_ice,bulk_carrier_ice,bulk_carrier_panamax_ice,container_15000_teu_ice,container_3500_teu_ice,container_8000_teu_ice,container_ice,fleet,gas_carrier_100k_cbm_ice,gas_carrier_ice,tanker_100k_dwt_ice,tanker_300k_dwt_ice,tanker_35k_dwt_ice,tanker_ice
Global,0.0006025219002424377,0.0030598119043603886,0.001026449508590386,0.00096945908147922,0.0002911464637669399,0.0009143996677049538,0.00045267952938934567,0.0005919680787438976,0.0009105250637605215,0.0015618665646972545,0.0015618665646972545,0.0007319648146695203,0.00021329816971572872,0.003114327517801238,0.0009842148723377049
Global Average,0.0006025219002424377,0.0030598119043603886,0.001026449508590386,0.00096945908147922,0.0002911464637669399,0.0009143996677049538,0.00045267952938934567,0.0005919680787438976,0.0009105250637605215,0.0015618665646972545,0.0015618665646972545,0.0007319648146695203,0.00021329816971572872,0.003114327517801238,0.0009842148723377049
