Region,bulk_carrier_capesize_ice,bulk_carrier_handy_ice,bulk_carrier_ice,bulk_carrier_panamax_ice,container_15000_teu_ice,container_3500_teu_ice,container_8000_teu_ice,container_ice,fleet,gas_carrier_100k_cbm_ice,gas_carrier_ice,tanker_100k_dwt_ice,tanker_300k_dwt_ice,tanker_35k_dwt_ice,tanker_ice
Global,0.26636013267693626,0.3774534206671295,0.3254887043833132,0.3447099558045837,0.2971849216975608,0.24017059180656586,0.2000207619434646,0.23394596679124116,0.22464231771266296,0.10281424471942263,0.10281424471942263,0.16012207720223143,0.2158217749661129,0.19051392700641953,0.18379503388149052
Global Average,0.26636013267693626,0.3774534206671295,0.3254887043833132,0.3447099558045837,0.2971849216975608,0.24017059180656586,0.2000207619434646,0.23394596679124116,0.22464231771266296,0.10281424471942263,0.10281424471942263,0.16012207720223143,0.2158217749661129,0.19051392700641953,0.18379503388149052
