Region,bulk_carrier_capesize_ice,bulk_carrier_handy_ice,bulk_carrier_ice,bulk_carrier_panamax_ice,container_15000_teu_ice,container_3500_teu_ice,container_8000_teu_ice,container_ice,fleet,gas_carrier_100k_cbm_ice,gas_carrier_ice,tanker_100k_dwt_ice,tanker_300k_dwt_ice,tanker_35k_dwt_ice,tanker_ice
Global,0.004014500135277245,0.011230641790982349,0.0048671751840651195,0.004389755146691315,0.0018089869188205158,0.003051689566402836,0.0029560886671160516,0.0026965955207928476,0.004042654634139106,0.006098444725299564,0.006098444725299564,0.004536453108187904,0.002204487367633775,0.011554761445733657,0.004957328470888764
Global Average,0.004014500135277245,0.011230641790982349,0.0048671751840651195,0.004389755146691315,0.0018089869188205158,0.003051689566402836,0.0029560886671160516,0.0026965955207928476,0.004042654634139106,0.006098444725299564,0.006098444725299564,0.004536453108187904,0.002204487367633775,0.011554761445733657,0.004957328470888764
