Region,bulk_carrier_capesize_ice,bulk_carrier_handy_ice,bulk_carrier_ice,bulk_carrier_panamax_ice,container_15000_teu_ice,container_3500_teu_ice,container_8000_teu_ice,container_ice,fleet,gas_carrier_100k_cbm_ice,gas_carrier_ice,tanker_100k_dwt_ice,tanker_300k_dwt_ice,tanker_35k_dwt_ice,tanker_ice
Global,0.00041302465161752904,0.0017706688018579591,0.0007523826709594844,0.0007835083805510197,0.00015330269812618999,0.00048148726951466943,0.00023742566147258668,0.0003112765225848004,0.000655508112534833,0.0015309789191726157,0.0015309789191726155,0.0006831234985383266,0.000199583342021361,0.0028481306888947394,0.0009158700256087557
Global Average,0.00041302465161752904,0.0017706688018579591,0.0007523826709594844,0.0007835083805510197,0.00015330269812618999,0.00048148726951466943,0.00023742566147258668,0.0003112765225848004,0.000655508112534833,0.0015309789191726157,0.0015309789191726155,0.0006831234985383266,0.000199583342021361,0.0028481306888947394,0.0009158700256087557
