Region,bulk_carrier_capesize_ice,bulk_carrier_handy_ice,bulk_carrier_ice,bulk_carrier_panamax_ice,container_15000_teu_ice,container_3500_teu_ice,container_8000_teu_ice,container_ice,fleet,gas_carrier_100k_cbm_ice,gas_carrier_ice,tanker_100k_dwt_ice,tanker_300k_dwt_ice,tanker_35k_dwt_ice,tanker_ice
Global,37.401541531303636,30.210245317645654,30.881777810197477,29.072301387727798,42.02932985253859,30.77487303369923,34.76559462256599,32.90442091685788,37.72111668673066,32.688725811364975,32.688725811364975,42.27550192924346,37.3258892424552,59.58638311609772,50.67785162013888
Global Average,37.401541531303636,30.210245317645654,30.881777810197477,29.072301387727798,42.02932985253859,30.77487303369923,34.76559462256599,32.90442091685788,37.72111668673066,32.688725811364975,32.688725811364975,42.27550192924346,37.3258892424552,59.58638311609772,50.67785162013888
