Region,bulk_carrier_capesize_ice,bulk_carrier_handy_ice,bulk_carrier_ice,bulk_carrier_panamax_ice,container_15000_teu_ice,container_3500_teu_ice,container_8000_teu_ice,container_ice,fleet,gas_carrier_100k_cbm_ice,gas_carrier_ice,tanker_100k_dwt_ice,tanker_300k_dwt_ice,tanker_35k_dwt_ice,tanker_ice
Global,0.0005912262202561008,0.002863695805929671,0.001001516684462263,0.0009491345694029845,0.0002827267587529261,0.0008872253326472556,0.0004384957444409451,0.0005741642861687393,0.0008873847277387479,0.0015275105519329426,0.0015275105519329424,0.0007178772014908832,0.00020964022937645954,0.002979221830467931,0.000961413902061633
Global Average,0.0005912262202561008,0.002863695805929671,0.001001516684462263,0.0009491345694029845,0.0002827267587529261,0.0008872253326472556,0.0004384957444409451,0.0005741642861687393,0.0008873847277387479,0.0015275105519329426,0.0015275105519329424,0.0007178772014908832,0.00020964022937645954,0.002979221830467931,0.000961413902061633
