Region,bulk_carrier_capesize_ice,bulk_carrier_handy_ice,bulk_carrier_ice,bulk_carrier_panamax_ice,container_15000_teu_ice,container_3500_teu_ice,container_8000_teu_ice,container_ice,fleet,gas_carrier_100k_cbm_ice,gas_carrier_ice,tanker_100k_dwt_ice,tanker_300k_dwt_ice,tanker_35k_dwt_ice,tanker_ice
Global,5.935900134017394,2.0591483403654394,3.2002011218877593,2.8869013555481757,11.741409213755736,4.239010023357035,10.651262539181225,6.605893809673995,4.3130103709123615,4.608461347046225,4.608461347046225,4.543427331501251,7.86139900813954,2.7307298288508557,3.9926355814407386
Global Average,5.935900134017394,2.0591483403654394,3.2002011218877593,2.8869013555481757,11.741409213755736,4.239010023357035,10.651262539181225,6.605893809673995,4.3130103709123615,4.608461347046225,4.608461347046225,4.543427331501251,7.86139900813954,2.7307298288508557,3.9926355814407386
