Region,bulk_carrier_capesize_ice,bulk_carrier_handy_ice,bulk_carrier_ice,bulk_carrier_panamax_ice,container_15000_teu_ice,container_3500_teu_ice,container_8000_teu_ice,container_ice,fleet,gas_carrier_100k_cbm_ice,gas_carrier_ice,tanker_100k_dwt_ice,tanker_300k_dwt_ice,tanker_35k_dwt_ice,tanker_ice
Global,0.0001032900766206982,0.0003313631451019432,0.00014213380970770807,0.00013486343407296538,9.661269019176752e-05,0.00012496715913993677,0.00011117540756886633,0.00011281735522221215,0.00010899714028599478,9.38895624616703e-05,9.388956246167029e-05,7.167444039405452e-05,4.6149167359056004e-05,0.00019010776011478775,8.486294024931431e-05
Global Average,0.0001032900766206982,0.0003313631451019432,0.00014213380970770807,0.00013486343407296538,9.661269019176752e-05,0.00012496715913993677,0.00011117540756886633,0.00011281735522221215,0.00010899714028599478,9.38895624616703e-05,9.388956246167029e-05,7.167444039405452e-05,4.6149167359056004e-05,0.00019010776011478775,8.486294024931431e-05
