Region,bulk_carrier_capesize_ice,bulk_carrier_handy_ice,bulk_carrier_ice,bulk_carrier_panamax_ice,container_15000_teu_ice,container_3500_teu_ice,container_8000_teu_ice,container_ice,fleet,gas_carrier_100k_cbm_ice,gas_carrier_ice,tanker_100k_dwt_ice,tanker_300k_dwt_ice,tanker_35k_dwt_ice,tanker_ice
Global,262.7748795341583,94.15452340687641,142.62327537882297,128.00883782641208,518.9564638013121,189.7778565285115,471.72395518688404,293.7796017832504,204.22532873600298,206.0122341955538,206.0122341955538,231.15546798846063,370.0674099041689,171.07485853895815,216.30127098515936
Global Average,262.7748795341583,94.15452340687641,142.62327537882297,128.00883782641208,518.9564638013121,189.7778565285115,471.72395518688404,293.7796017832504,204.22532873600298,206.0122341955538,206.0122341955538,231.15546798846063,370.0674099041689,171.07485853895815,216.30127098515936
