Region,bulk_carrier_capesize_ice,bulk_carrier_handy_ice,bulk_carrier_ice,bulk_carrier_panamax_ice,container_15000_teu_ice,container_3500_teu_ice,container_8000_teu_ice,container_ice,fleet,gas_carrier_100k_cbm_ice,gas_carrier_ice,tanker_100k_dwt_ice,tanker_300k_dwt_ice,tanker_35k_dwt_ice,tanker_ice
Global,1.6335574937911062,0.8739198033907871,1.0956743903540331,1.0327277416571776,3.5905397157325947,1.083672973031159,2.2036012894865706,1.6163447607168746,1.1893933138404587,0.5023091591699361,0.5023091591699361,1.0552197983385805,2.054184345484549,1.1406838233758245,1.2169858177300614
Global Average,1.6335574937911062,0.8739198033907871,1.0956743903540331,1.0327277416571776,3.5905397157325947,1.083672973031159,2.2036012894865706,1.6163447607168746,1.1893933138404587,0.5023091591699361,0.5023091591699361,1.0552197983385805,2.054184345484549,1.1406838233758245,1.2169858177300614
