Region,bulk_carrier_capesize_ice,bulk_carrier_handy_ice,bulk_carrier_ice,bulk_carrier_panamax_ice,container_15000_teu_ice,container_3500_teu_ice,container_8000_teu_ice,container_ice,fleet,gas_carrier_100k_cbm_ice,gas_carrier_ice,tanker_100k_dwt_ice,tanker_300k_dwt_ice,tanker_35k_dwt_ice,tanker_ice
Global,0.00037076728992063956,0.0019639248913409326,0.0006354075696219507,0.000594091321126042,6.59879450141459e-05,0.00026331582058156865,0.00010683889621309706,0.00015764066756265244,0.00044693276302793075,0.0005958295613937074,0.0005958295613937074,0.0005086921489215788,0.00014199186022388594,0.0022817780448478433,0.000703892050451276
Global Average,0.00037076728992063956,0.0019639248913409326,0.0006354075696219507,0.000594091321126042,6.59879450141459e-05,0.00026331582058156865,0.00010683889621309706,0.00015764066756265244,0.00044693276302793075,0.0005958295613937074,0.0005958295613937074,0.0005086921489215788,0.00014199186022388594,0.0022817780448478433,0.000703892050451276
