Region,bulk_carrier_capesize_ice,bulk_carrier_handy_ice,bulk_carrier_ice,bulk_carrier_panamax_ice,container_15000_teu_ice,container_3500_teu_ice,container_8000_teu_ice,container_ice,fleet,gas_carrier_100k_cbm_ice,gas_carrier_ice,tanker_100k_dwt_ice,tanker_300k_dwt_ice,tanker_35k_dwt_ice,tanker_ice
Global,0.003791983111545149,0.008760736566365305,0.004947820950243507,0.004966378384725999,0.0023862970521236703,0.004022276396470776,0.003889785627175148,0.0035529359563575952,0.004895071065940886,0.013935277256980984,0.013935277256980983,0.005097229671819165,0.0024825442559012374,0.012653907552270468,0.005547271926422422
Global Average,0.003791983111545149,0.008760736566365305,0.004947820950243507,0.004966378384725999,0.0023862970521236703,0.004022276396470776,0.003889785627175148,0.0035529359563575952,0.004895071065940886,0.013935277256980984,0.013935277256980983,0.005097229671819165,0.0024825442559012374,0.012653907552270468,0.005547271926422422
