Region,bulk_carrier_capesize_ice,bulk_carrier_handy_ice,bulk_carrier_ice,bulk_carrier_panamax_ice,container_15000_teu_ice,container_3500_teu_ice,container_8000_teu_ice,container_ice,fleet,gas_carrier_100k_cbm_ice,gas_carrier_ice,tanker_100k_dwt_ice,tanker_300k_dwt_ice,tanker_35k_dwt_ice,tanker_ice
Global,0.003930098116082271,0.01045080667197622,0.004733441313451795,0.004282042690692938,0.0017566725749208394,0.0029609987692619613,0.0028634656894449854,0.002615493804272644,0.0039323017805198346,0.005964298665987861,0.005964298665987861,0.004445284262444308,0.002165022104574062,0.011035448610746587,0.004837765253223133
Global Average,0.003930098116082271,0.01045080667197622,0.004733441313451795,0.004282042690692938,0.0017566725749208394,0.0029609987692619613,0.0028634656894449854,0.002615493804272644,0.0039323017805198346,0.005964298665987861,0.005964298665987861,0.004445284262444308,0.002165022104574062,0.011035448610746587,0.004837765253223133
