Region,bulk_carrier_capesize_ice,bulk_carrier_handy_ice,bulk_carrier_ice,bulk_carrier_panamax_ice,container_15000_teu_ice,container_3500_teu_ice,container_8000_teu_ice,container_ice,fleet,gas_carrier_100k_cbm_ice,gas_carrier_ice,tanker_100k_dwt_ice,tanker_300k_dwt_ice,tanker_35k_dwt_ice,tanker_ice
Global,0.0004246535473697485,0.001628782643703765,0.000605001471657319,0.0005536314530399629,0.0003711108194024091,0.0005876455132556787,0.00043429017928921796,0.0004780865174049393,0.0006223948460698318,0.002477022669023147,0.002477022669023147,0.0004895284694431035,0.0002120532587587659,0.001192465403461137,0.0005142510965950699
Global Average,0.0004246535473697485,0.001628782643703765,0.000605001471657319,0.0005536314530399629,0.0003711108194024091,0.0005876455132556787,0.00043429017928921796,0.0004780865174049393,0.0006223948460698318,0.002477022669023147,0.002477022669023147,0.0004895284694431035,0.0002120532587587659,0.001192465403461137,0.0005142510965950699
