Region,bulk_carrier_capesize_ice,bulk_carrier_handy_ice,bulk_carrier_ice,bulk_carrier_panamax_ice,container_15000_teu_ice,container_3500_teu_ice,container_8000_teu_ice,container_ice,fleet,gas_carrier_100k_cbm_ice,gas_carrier_ice,tanker_100k_dwt_ice,tanker_300k_dwt_ice,tanker_35k_dwt_ice,tanker_ice
Global,0.003080013291065842,0.007052449376557992,0.0034227816565940636,0.0030537341037183037,0.0014318548208140111,0.002245920260871509,0.0024464600671005384,0.0021051094478635336,0.0029292904307275077,0.004212915191995888,0.004212915191995888,0.003327152226100073,0.00175784592736356,0.0074388058039059355,0.0034925642348333846
Global Average,0.003080013291065842,0.007052449376557992,0.0034227816565940636,0.0030537341037183037,0.0014318548208140111,0.002245920260871509,0.0024464600671005384,0.0021051094478635336,0.0029292904307275077,0.004212915191995888,0.004212915191995888,0.003327152226100073,0.00175784592736356,0.0074388058039059355,0.0034925642348333846
