Region,bulk_carrier_capesize_ice,bulk_carrier_handy_ice,bulk_carrier_ice,bulk_carrier_panamax_ice,container_15000_teu_ice,container_3500_teu_ice,container_8000_teu_ice,container_ice,fleet,gas_carrier_100k_cbm_ice,gas_carrier_ice,tanker_100k_dwt_ice,tanker_300k_dwt_ice,tanker_35k_dwt_ice,tanker_ice
Global,4.135545883199501,3.116724028599817,3.3094192862262277,3.135984467332586,14.522349656766027,7.441295248542098,11.961425448407706,9.288453956733157,5.372303502870494,3.0502547432908016,3.0502547432908016,5.878655491881819,5.379119248501287,5.970225872689938,5.867467109707545
Global Average,4.135545883199501,3.116724028599817,3.3094192862262277,3.135984467332586,14.522349656766027,7.441295248542098,11.961425448407706,9.288453956733157,5.372303502870494,3.0502547432908016,3.0502547432908016,5.878655491881819,5.379119248501287,5.970225872689938,5.867467109707545
