Region,bulk_carrier_capesize_ice,bulk_carrier_handy_ice,bulk_carrier_ice,bulk_carrier_panamax_ice,container_15000_teu_ice,container_3500_teu_ice,container_8000_teu_ice,container_ice,fleet,gas_carrier_100k_cbm_ice,gas_carrier_ice,tanker_100k_dwt_ice,tanker_300k_dwt_ice,tanker_35k_dwt_ice,tanker_ice
Global,0.003015258195249819,0.006562740257416749,0.0033287349412222324,0.0029788039107380825,0.0013904468124248106,0.0021791754972442672,0.002369805256746262,0.002041797027306507,0.0028493292202445243,0.004120244683911076,0.004120244683911076,0.003260286632908051,0.0017263765467899204,0.007104478924974913,0.003408328901170753
Global Average,0.003015258195249819,0.006562740257416749,0.0033287349412222324,0.0029788039107380825,0.0013904468124248106,0.0021791754972442672,0.002369805256746262,0.002041797027306507,0.0028493292202445243,0.004120244683911076,0.004120244683911076,0.003260286632908051,0.0017263765467899204,0.007104478924974913,0.003408328901170753
