Region,bulk_carrier_capesize_ice,bulk_carrier_handy_ice,bulk_carrier_ice,bulk_carrier_panamax_ice,container_15000_teu_ice,container_3500_teu_ice,container_8000_teu_ice,container_ice,fleet,gas_carrier_100k_cbm_ice,gas_carrier_ice,tanker_100k_dwt_ice,tanker_300k_dwt_ice,tanker_35k_dwt_ice,tanker_ice
Global,6.9013591877564915,11.044413136269283,8.705369371673083,8.98954975631083,7.834662332569936,8.269275110543829,5.7639345863715805,7.18488101310936,7.536119963361778,12.181510336042981,12.181510336042981,6.3339363932827135,5.957418895491547,5.857432990755401,6.046705974803116
Global Average,6.9013591877564915,11.044413136269283,8.705369371673083,8.98954975631083,7.834662332569936,8.269275110543829,5.7639345863715805,7.18488101310936,7.536119963361778,12.181510336042981,12.181510336042981,6.3339363932827135,5.957418895491547,5.857432990755401,6.046705974803116
