Region,bulk_carrier_capesize_ice,bulk_carrier_handy_ice,bulk_carrier_ice,bulk_carrier_panamax_ice,container_15000_teu_ice,container_3500_teu_ice,container_8000_teu_ice,container_ice,fleet,gas_carrier_100k_cbm_ice,gas_carrier_ice,tanker_100k_dwt_ice,tanker_300k_dwt_ice,tanker_35k_dwt_ice,tanker_ice
Global,0.003791983111545149,0.010220859327426191,0.0045091825900396695,0.004026793284912972,0.0017566725749208394,0.0029609987692619613,0.0028634656894449854,0.002615493804272644,0.0038611328549190142,0.005964298665987861,0.005964298665987861,0.004332645221046291,0.0021101626175160514,0.010755821419429898,0.004715181137459059
Global Average,0.003791983111545149,0.010220859327426191,0.0045091825900396695,0.004026793284912972,0.0017566725749208394,0.0029609987692619613,0.0028634656894449854,0.002615493804272644,0.0038611328549190142,0.005964298665987861,0.005964298665987861,0.004332645221046291,0.0021101626175160514,0.010755821419429898,0.004715181137459059
