Region,bulk_carrier_capesize_ice,bulk_carrier_handy_ice,bulk_carrier_ice,bulk_carrier_panamax_ice,container_15000_teu_ice,container_3500_teu_ice,container_8000_teu_ice,container_ice,fleet,gas_carrier_100k_cbm_ice,gas_carrier_ice,tanker_100k_dwt_ice,tanker_300k_dwt_ice,tanker_35k_dwt_ice,tanker_ice
Global,0.0004960992585069194,0.0019153566201694215,0.0007032691750047237,0.0006424823801060663,0.00026116880866981003,0.00044156500827313016,0.00032932688326377956,0.0003557058930662436,0.0005723142424166453,0.001217050643613251,0.001217050643613251,0.0006008055193028066,0.0002693408711467028,0.0015249756676613208,0.0006464812400260394
Global Average,0.0004960992585069194,0.0019153566201694215,0.0007032691750047237,0.0006424823801060663,0.00026116880866981003,0.00044156500827313016,0.00032932688326377956,0.0003557058930662436,0.0005723142424166453,0.001217050643613251,0.001217050643613251,0.0006008055193028066,0.0002693408711467028,0.0015249756676613208,0.0006464812400260394
