Region,bulk_carrier_capesize_ice,bulk_carrier_handy_ice,bulk_carrier_ice,bulk_carrier_panamax_ice,container_15000_teu_ice,container_3500_teu_ice,container_8000_teu_ice,container_ice,fleet,gas_carrier_100k_cbm_ice,gas_carrier_ice,tanker_100k_dwt_ice,tanker_300k_dwt_ice,tanker_35k_dwt_ice,tanker_ice
Global,0.003883552939042686,0.01104027059936109,0.004664443745276593,0.004163424102826268,0.0018089869188205158,0.003051689566402836,0.0029560886671160516,0.0026965955207928476,0.003982665916537398,0.006098444725299564,0.006098444725299564,0.004449366968736775,0.0021607771382244367,0.011386263831984189,0.0048653023677157885
Global Average,0.003883552939042686,0.01104027059936109,0.004664443745276593,0.004163424102826268,0.0018089869188205158,0.003051689566402836,0.0029560886671160516,0.0026965955207928476,0.003982665916537398,0.006098444725299564,0.006098444725299564,0.004449366968736775,0.0021607771382244367,0.011386263831984189,0.0048653023677157885
