Region,bulk_carrier_capesize_ice,bulk_carrier_handy_ice,bulk_carrier_ice,bulk_carrier_panamax_ice,container_15000_teu_ice,container_3500_teu_ice,container_8000_teu_ice,container_ice,fleet,gas_carrier_100k_cbm_ice,gas_carrier_ice,tanker_100k_dwt_ice,tanker_300k_dwt_ice,tanker_35k_dwt_ice,tanker_ice
Global,0.002901818979375393,0.005518540991555031,0.003474776663766907,0.0034498815860490454,0.0018929025608996784,0.0029691632473739593,0.003221557787480302,0.0027791612890104636,0.003548976582091369,0.009648598402553478,0.009648598402553478,0.003735206556809938,0.0019787684082246577,0.008177095658815048,0.003909081467803575
Global Average,0.002901818979375393,0.005518540991555031,0.003474776663766907,0.0034498815860490454,0.0018929025608996784,0.0029691632473739593,0.003221557787480302,0.0027791612890104636,0.003548976582091369,0.009648598402553478,0.009648598402553478,0.003735206556809938,0.0019787684082246577,0.008177095658815048,0.003909081467803575
