Region,bulk_carrier_capesize_ice,bulk_carrier_handy_ice,bulk_carrier_ice,bulk_carrier_panamax_ice,container_15000_teu_ice,container_3500_teu_ice,container_8000_teu_ice,container_ice,fleet,gas_carrier_100k_cbm_ice,gas_carrier_ice,tanker_100k_dwt_ice,tanker_300k_dwt_ice,tanker_35k_dwt_ice,tanker_ice
Global,34.02240065869703,28.140973882523863,28.4924820063163,26.844547248674225,33.195254060200114,27.06305366531798,28.227094311461798,27.96827852329388,34.58245171298972,31.029510085363885,31.029510085363885,39.29607192691664,33.159639104083965,56.34610997033995,47.42355715214351
Global Average,34.02240065869703,28.140973882523863,28.4924820063163,26.844547248674225,33.195254060200114,27.06305366531798,28.227094311461798,27.96827852329388,34.58245171298972,31.029510085363885,31.029510085363885,39.29607192691664,33.159639104083965,56.34610997033995,47.42355715214351
