Region,bulk_carrier_capesize_ice,bulk_carrier_handy_ice,bulk_carrier_ice,bulk_carrier_panamax_ice,container_15000_teu_ice,container_3500_teu_ice,container_8000_teu_ice,container_ice,fleet,gas_carrier_100k_cbm_ice,gas_carrier_ice,tanker_100k_dwt_ice,tanker_300k_dwt_ice,tanker_35k_dwt_ice,tanker_ice
Global,0.000537810328717192,0.0026675450012016095,0.0009240302254115632,0.0008764042259290795,0.00022330088581827386,0.000780215299811948,0.0003560261479168006,0.00048803128048572757,0.0008135480121845127,0.001449977106792705,0.0014499771067927048,0.0006672837188708974,0.0001862405555207483,0.0028172134656757313,0.0008996764005119482
Global Average,0.000537810328717192,0.0026675450012016095,0.0009240302254115632,0.0008764042259290795,0.00022330088581827386,0.000780215299811948,0.0003560261479168006,0.00048803128048572757,0.0008135480121845127,0.001449977106792705,0.0014499771067927048,0.0006672837188708974,0.0001862405555207483,0.0028172134656757313,0.0008996764005119482
