Region,bulk_carrier_capesize_ice,bulk_carrier_handy_ice,bulk_carrier_ice,bulk_carrier_panamax_ice,container_15000_teu_ice,container_3500_teu_ice,container_8000_teu_ice,container_ice,fleet,gas_carrier_100k_cbm_ice,gas_carrier_ice,tanker_100k_dwt_ice,tanker_300k_dwt_ice,tanker_35k_dwt_ice,tanker_ice
Global,0.001135350471732985,0.0025820540244676825,0.0012654275413082972,0.0011246114370636062,0.0005232735490089186,0.0008325794165463103,0.000892280275842319,0.0007734464415247223,0.001183495147511101,0.0015691648673561368,0.0015691648673561368,0.0014849852371202627,0.0007147485168206407,0.003921352233788392,0.0016589741492575112
Global Average,0.001135350471732985,0.0025820540244676825,0.0012654275413082972,0.0011246114370636062,0.0005232735490089186,0.0008325794165463103,0.000892280275842319,0.0007734464415247223,0.001183495147511101,0.0015691648673561368,0.0015691648673561368,0.0014849852371202627,0.0007147485168206407,0.003921352233788392,0.0016589741492575112
