Region,bulk_carrier_capesize_ice,bulk_carrier_handy_ice,bulk_carrier_ice,bulk_carrier_panamax_ice,container_15000_teu_ice,container_3500_teu_ice,container_8000_teu_ice,container_ice,fleet,gas_carrier_100k_cbm_ice,gas_carrier_ice,tanker_100k_dwt_ice,tanker_300k_dwt_ice,tanker_35k_dwt_ice,tanker_ice
Global,6.947052539159717e-05,0.00013719826261660806,8.387604327756339e-05,8.271671504130305e-05,4.508261414269994e-05,7.170866762793559e-05,7.686503480539638e-05,6.662429019331947e-05,9.33766648008297e-05,0.0002324492381750692,0.00023244923817506918,0.0001078861137896,5.195701601060729e-05,0.00028461030400386746,0.0001204830435953986
Global Average,6.947052539159717e-05,0.00013719826261660806,8.387604327756339e-05,8.271671504130305e-05,4.508261414269994e-05,7.170866762793559e-05,7.686503480539638e-05,6.662429019331947e-05,9.33766648008297e-05,0.0002324492381750692,0.00023244923817506918,0.0001078861137896,5.195701601060729e-05,0.00028461030400386746,0.0001204830435953986
