Region,bulk_carrier_capesize_ice,bulk_carrier_handy_ice,bulk_carrier_ice,bulk_carrier_panamax_ice,container_15000_teu_ice,container_3500_teu_ice,container_8000_teu_ice,container_ice,fleet,gas_carrier_100k_cbm_ice,gas_carrier_ice,tanker_100k_dwt_ice,tanker_300k_dwt_ice,tanker_35k_dwt_ice,tanker_ice
Global,0.0026105936535868127,0.0080336378580832,0.0034054735440633573,0.003121588183419287,0.0020133176897790166,0.0036890570154341955,0.0031815922378857875,0.0030784585974476387,0.00355364084072948,0.0076919319445508455,0.007691931944550845,0.0030341748283673853,0.001296123622646489,0.00892604267795445,0.0035044033087667137
Global Average,0.0026105936535868127,0.0080336378580832,0.0034054735440633573,0.003121588183419287,0.0020133176897790166,0.0036890570154341955,0.0031815922378857875,0.0030784585974476387,0.00355364084072948,0.0076919319445508455,0.007691931944550845,0.0030341748283673853,0.001296123622646489,0.00892604267795445,0.0035044033087667137
