Region,bulk_carrier_capesize_ice,bulk_carrier_handy_ice,bulk_carrier_ice,bulk_carrier_panamax_ice,container_15000_teu_ice,container_3500_teu_ice,container_8000_teu_ice,container_ice,fleet,gas_carrier_100k_cbm_ice,gas_carrier_ice,tanker_100k_dwt_ice,tanker_300k_dwt_ice,tanker_35k_dwt_ice,tanker_ice
Global,0.001895028538853806,0.005907226803817033,0.002450814408282257,0.0022249957684802794,0.0008019020350301134,0.0014693470101797494,0.0012672243944156978,0.0012261463884123368,0.0021075561373794477,0.003292146872267762,0.003292146872267762,0.0025201757297060603,0.0010765560593125015,0.0074139419749274646,0.002910745973925179
Global Average,0.001895028538853806,0.005907226803817033,0.002450814408282257,0.0022249957684802794,0.0008019020350301134,0.0014693470101797494,0.0012672243944156978,0.0012261463884123368,0.0021075561373794477,0.003292146872267762,0.003292146872267762,0.0025201757297060603,0.0010765560593125015,0.0074139419749274646,0.002910745973925179
