Region,bulk_carrier_capesize_ice,bulk_carrier_handy_ice,bulk_carrier_ice,bulk_carrier_panamax_ice,container_15000_teu_ice,container_3500_teu_ice,container_8000_teu_ice,container_ice,fleet,gas_carrier_100k_cbm_ice,gas_carrier_ice,tanker_100k_dwt_ice,tanker_300k_dwt_ice,tanker_35k_dwt_ice,tanker_ice
Global,0.0003563042058920574,0.0013336909209301557,0.0004957359514664409,0.00044734734834645814,0.00018968800947804425,0.0003260087700969986,0.0002331393284064822,0.00025831766982988284,0.0004335786639572529,0.0011023918032043475,0.0011023918032043475,0.0004687600997206291,0.0002018686132898863,0.0011234151429223298,0.0004917199235329727
Global Average,0.0003563042058920574,0.0013336909209301557,0.0004957359514664409,0.00044734734834645814,0.00018968800947804425,0.0003260087700969986,0.0002331393284064822,0.00025831766982988284,0.0004335786639572529,0.0011023918032043475,0.0011023918032043475,0.0004687600997206291,0.0002018686132898863,0.0011234151429223298,0.0004917199235329727
