Region,bulk_carrier_capesize_ice,bulk_carrier_handy_ice,bulk_carrier_ice,bulk_carrier_panamax_ice,container_15000_teu_ice,container_3500_teu_ice,container_8000_teu_ice,container_ice,fleet,gas_carrier_100k_cbm_ice,gas_carrier_ice,tanker_100k_dwt_ice,tanker_300k_dwt_ice,tanker_35k_dwt_ice,tanker_ice
Global,0.0003502162795656086,0.0015320076028941308,0.0006459358387616101,0.000672129127297123,8.704697475956638e-05,0.00034706315531006667,0.0001405845526678335,0.00020770159693912367,0.0005411710459369798,0.00136150289293945,0.0013615028929394497,0.0005715744555200027,0.00015990160894498688,0.0024988320676205687,0.0007876582384302318
Global Average,0.0003502162795656086,0.0015320076028941308,0.0006459358387616101,0.000672129127297123,8.704697475956638e-05,0.00034706315531006667,0.0001405845526678335,0.00020770159693912367,0.0005411710459369798,0.00136150289293945,0.0013615028929394497,0.0005715744555200027,0.00015990160894498688,0.0024988320676205687,0.0007876582384302318
