Region,bulk_carrier_capesize_ice,bulk_carrier_handy_ice,bulk_carrier_ice,bulk_carrier_panamax_ice,container_15000_teu_ice,container_3500_teu_ice,container_8000_teu_ice,container_ice,fleet,gas_carrier_100k_cbm_ice,gas_carrier_ice,tanker_100k_dwt_ice,tanker_300k_dwt_ice,tanker_35k_dwt_ice,tanker_ice
Global,6.27475713214426,2.3480848029318167,3.4380496807473935,3.0648025891797546,12.386595407900677,4.597177788868181,11.263423593967353,7.056802813058456,5.376419759400736,4.974413696946481,4.974413696946481,6.670820776303512,9.713032666671394,5.976816384081216,6.6682034147600024
Global Average,6.27475713214426,2.3480848029318167,3.4380496807473935,3.0648025891797546,12.386595407900677,4.597177788868181,11.263423593967353,7.056802813058456,5.376419759400736,4.974413696946481,4.974413696946481,6.670820776303512,9.713032666671394,5.976816384081216,6.6682034147600024
