Region,bulk_carrier_capesize_ice,bulk_carrier_handy_ice,bulk_carrier_ice,bulk_carrier_panamax_ice,container_15000_teu_ice,container_3500_teu_ice,container_8000_teu_ice,container_ice,fleet,gas_carrier_100k_cbm_ice,gas_carrier_ice,tanker_100k_dwt_ice,tanker_300k_dwt_ice,tanker_35k_dwt_ice,tanker_ice
Global,0.0015640602108798007,0.003511510163986951,0.0017583461233504558,0.0015777889659869936,0.0013137713171828286,0.0020903387125281855,0.0022402283385236452,0.0019418748610107697,0.0019955419532644244,0.003666273054570413,0.0036662730545704127,0.001787853431749775,0.0008605241026597193,0.004721126428080744,0.0019973280217155456
Global Average,0.0015640602108798007,0.003511510163986951,0.0017583461233504558,0.0015777889659869936,0.0013137713171828286,0.0020903387125281855,0.0022402283385236452,0.0019418748610107697,0.0019955419532644244,0.003666273054570413,0.0036662730545704127,0.001787853431749775,0.0008605241026597193,0.004721126428080744,0.0019973280217155456
