Region,bulk_carrier_capesize_ice,bulk_carrier_handy_ice,bulk_carrier_ice,bulk_carrier_panamax_ice,container_15000_teu_ice,container_3500_teu_ice,container_8000_teu_ice,container_ice,fleet,gas_carrier_100k_cbm_ice,gas_carrier_ice,tanker_100k_dwt_ice,tanker_300k_dwt_ice,tanker_35k_dwt_ice,tanker_ice
Global,0.00037293660291288735,0.0013971304654416786,0.000519628880453279,0.0004694015932780174,0.00019989636034631466,0.00034273248398117995,0.00024633677818543834,0.000272124816707226,0.0004513305669366361,0.0011155273865721665,0.0011155273865721665,0.00048601365200269466,0.0002105524081660178,0.0011702844579269504,0.0005114032589311167
Global Average,0.00037293660291288735,0.0013971304654416786,0.000519628880453279,0.0004694015932780174,0.00019989636034631466,0.00034273248398117995,0.00024633677818543834,0.000272124816707226,0.0004513305669366361,0.0011155273865721665,0.0011155273865721665,0.00048601365200269466,0.0002105524081660178,0.0011702844579269504,0.0005114032589311167
