Region,bulk_carrier_capesize_ice,bulk_carrier_handy_ice,bulk_carrier_ice,bulk_carrier_panamax_ice,container_15000_teu_ice,container_3500_teu_ice,container_8000_teu_ice,container_ice,fleet,gas_carrier_100k_cbm_ice,gas_carrier_ice,tanker_100k_dwt_ice,tanker_300k_dwt_ice,tanker_35k_dwt_ice,tanker_ice
Global,0.0003639182874516406,0.0020121112640013638,0.0006208097356265417,0.00057426675100847,6.699925305139853e-05,0.0002673721122839104,0.00010869813668513525,0.00016017555094652934,0.0004477415699592134,0.0006028202739050893,0.0006028202739050893,0.000506442257520317,0.00014102642343675448,0.0023163397021295456,0.0007027177898986934
Global Average,0.0003639182874516406,0.0020121112640013638,0.0006208097356265417,0.00057426675100847,6.699925305139853e-05,0.0002673721122839104,0.00010869813668513525,0.00016017555094652934,0.0004477415699592134,0.0006028202739050893,0.0006028202739050893,0.000506442257520317,0.00014102642343675448,0.0023163397021295456,0.0007027177898986934
