Region,bulk_carrier_capesize_ice,bulk_carrier_handy_ice,bulk_carrier_ice,bulk_carrier_panamax_ice,container_15000_teu_ice,container_3500_teu_ice,container_8000_teu_ice,container_ice,fleet,gas_carrier_100k_cbm_ice,gas_carrier_ice,tanker_100k_dwt_ice,tanker_300k_dwt_ice,tanker_35k_dwt_ice,tanker_ice
Global,0.00040398879290877627,0.002015962353088561,0.0006856070775821564,0.000644133292723605,9.891606129082043e-05,0.00033138056837112543,0.00015611710734174177,0.00021004709409850372,0.0005008577574390516,0.0006347248061222035,0.0006347248061222035,0.000573330179892488,0.0001618085506182467,0.0023966053452824316,0.0007689976953500279
Global Average,0.00040398879290877627,0.002015962353088561,0.0006856070775821564,0.000644133292723605,9.891606129082043e-05,0.00033138056837112543,0.00015611710734174177,0.00021004709409850372,0.0005008577574390516,0.0006347248061222035,0.0006347248061222035,0.000573330179892488,0.0001618085506182467,0.0023966053452824316,0.0007689976953500279
