Region,bulk_carrier_capesize_ice,bulk_carrier_handy_ice,bulk_carrier_ice,bulk_carrier_panamax_ice,container_15000_teu_ice,container_3500_teu_ice,container_8000_teu_ice,container_ice,fleet,gas_carrier_100k_cbm_ice,gas_carrier_ice,tanker_100k_dwt_ice,tanker_300k_dwt_ice,tanker_35k_dwt_ice,tanker_ice
Global,0.0005183814669035298,0.002778319683542198,0.000902829927308074,0.0008540992504345558,0.00016821354165199987,0.0006712852442063745,0.000272906005814017,0.0004021492103815867,0.0007688368435296094,0.00144065708025563,0.00144065708025563,0.0006241371776283468,0.0001738521969182131,0.002848710462476005,0.0008657880524894208
Global Average,0.0005183814669035298,0.002778319683542198,0.000902829927308074,0.0008540992504345558,0.00016821354165199987,0.0006712852442063745,0.000272906005814017,0.0004021492103815867,0.0007688368435296094,0.00144065708025563,0.00144065708025563,0.0006241371776283468,0.0001738521969182131,0.002848710462476005,0.0008657880524894208
