Region,bulk_carrier_capesize_ice,bulk_carrier_handy_ice,bulk_carrier_ice,bulk_carrier_panamax_ice,container_15000_teu_ice,container_3500_teu_ice,container_8000_teu_ice,container_ice,fleet,gas_carrier_100k_cbm_ice,gas_carrier_ice,tanker_100k_dwt_ice,tanker_300k_dwt_ice,tanker_35k_dwt_ice,tanker_ice
Global,0.00029947225898620033,0.0010077366537270711,0.0004621622750821874,0.00046841152736580273,0.0002035070434614503,0.00032234095386046886,0.00023847539996250263,0.00026232278533740296,0.00046713238888836984,0.0025633760462479486,0.0025633760462479486,0.0004729024242559946,0.00020454893829633004,0.0011671196336822027,0.0004977379139253145
Global Average,0.00029947225898620033,0.0010077366537270711,0.0004621622750821874,0.00046841152736580273,0.0002035070434614503,0.00032234095386046886,0.00023847539996250263,0.00026232278533740296,0.00046713238888836984,0.0025633760462479486,0.0025633760462479486,0.0004729024242559946,0.00020454893829633004,0.0011671196336822027,0.0004977379139253145
