Region,bulk_carrier_capesize_ice,bulk_carrier_handy_ice,bulk_carrier_ice,bulk_carrier_panamax_ice,container_15000_teu_ice,container_3500_teu_ice,container_8000_teu_ice,container_ice,fleet,gas_carrier_100k_cbm_ice,gas_carrier_ice,tanker_100k_dwt_ice,tanker_300k_dwt_ice,tanker_35k_dwt_ice,tanker_ice
Global,0.0059236376589173936,0.012602251990711378,0.006582470400858938,0.005956836749697951,0.0049811736338300945,0.007774908574901228,0.008483452953357873,0.007299942330576478,0.00671668741661694,0.013685686810933656,0.013685686810933654,0.005379074417256913,0.0029113940273716183,0.011117762304651295,0.005529477407886296
Global Average,0.0059236376589173936,0.012602251990711378,0.006582470400858938,0.005956836749697951,0.0049811736338300945,0.007774908574901228,0.008483452953357873,0.007299942330576478,0.00671668741661694,0.013685686810933656,0.013685686810933654,0.005379074417256913,0.0029113940273716183,0.011117762304651295,0.005529477407886296
