Region,bulk_carrier_capesize_ice,bulk_carrier_handy_ice,bulk_carrier_ice,bulk_carrier_panamax_ice,container_15000_teu_ice,container_3500_teu_ice,container_8000_teu_ice,container_ice,fleet,gas_carrier_100k_cbm_ice,gas_carrier_ice,tanker_100k_dwt_ice,tanker_300k_dwt_ice,tanker_35k_dwt_ice,tanker_ice
Global,0.004911580264962431,0.010655508426136733,0.006238586287301855,0.006250458320294696,0.003101009223828592,0.005122393352491848,0.005136729037067668,0.004604673281472386,0.006154432179772852,0.017775061092929846,0.017775061092929846,0.006352290926096244,0.003206094905903628,0.014713587692849932,0.006749770788882207
Global Average,0.004911580264962431,0.010655508426136733,0.006238586287301855,0.006250458320294696,0.003101009223828592,0.005122393352491848,0.005136729037067668,0.004604673281472386,0.006154432179772852,0.017775061092929846,0.017775061092929846,0.006352290926096244,0.003206094905903628,0.014713587692849932,0.006749770788882207
