Region,bulk_carrier_capesize_ice,bulk_carrier_handy_ice,bulk_carrier_ice,bulk_carrier_panamax_ice,container_15000_teu_ice,container_3500_teu_ice,container_8000_teu_ice,container_ice,fleet,gas_carrier_100k_cbm_ice,gas_carrier_ice,tanker_100k_dwt_ice,tanker_300k_dwt_ice,tanker_35k_dwt_ice,tanker_ice
Global,0.3501325029599675,0.19455242060961223,0.2385341616389072,0.22442207050764626,0.7944758599490369,0.2419772624558106,0.4844979041071952,0.35828806906907656,0.26222422459693195,0.11144829209023652,0.11144829209023652,0.23135470854742332,0.4491183034651822,0.25726341299703287,0.2703953860128227
Global Average,0.3501325029599675,0.19455242060961223,0.2385341616389072,0.22442207050764626,0.7944758599490369,0.2419772624558106,0.4844979041071952,0.35828806906907656,0.26222422459693195,0.11144829209023652,0.11144829209023652,0.23135470854742332,0.4491183034651822,0.25726341299703287,0.2703953860128227
