Region,bulk_carrier_capesize_ice,bulk_carrier_handy_ice,bulk_carrier_ice,bulk_carrier_panamax_ice,container_15000_teu_ice,container_3500_teu_ice,container_8000_teu_ice,container_ice,fleet,gas_carrier_100k_cbm_ice,gas_carrier_ice,tanker_100k_dwt_ice,tanker_300k_dwt_ice,tanker_35k_dwt_ice,tanker_ice
Global,0.0005520115270477741,0.0021717581922925428,0.0007969406868547639,0.0007356659461949645,0.0005247420200609815,0.0009005079311449413,0.0006495886537041534,0.0007157299943570818,0.000812902834795915,0.00275790001563849,0.00275790001563849,0.0006243624618451042,0.0002693200191527943,0.0015695810678767917,0.0006613301675686584
Global Average,0.0005520115270477741,0.0021717581922925428,0.0007969406868547639,0.0007356659461949645,0.0005247420200609815,0.0009005079311449413,0.0006495886537041534,0.0007157299943570818,0.000812902834795915,0.00275790001563849,0.00275790001563849,0.0006243624618451042,0.0002693200191527943,0.0015695810678767917,0.0006613301675686584
