Region,bulk_carrier_capesize_ice,bulk_carrier_handy_ice,bulk_carrier_ice,bulk_carrier_panamax_ice,container_15000_teu_ice,container_3500_teu_ice,container_8000_teu_ice,container_ice,fleet,gas_carrier_100k_cbm_ice,gas_carrier_ice,tanker_100k_dwt_ice,tanker_300k_dwt_ice,tanker_35k_dwt_ice,tanker_ice
Global,0.004299965412868616,0.009266581598905803,0.004737201182678292,0.004245895288816678,0.001983995518484283,0.0030967368140845677,0.003378949195110185,0.0029075583253501684,0.003983462713931575,0.005857473955079605,0.005857473955079605,0.004467841690568604,0.002418194396313384,0.009234377158121535,0.00459276592470159
Global Average,0.004299965412868616,0.009266581598905803,0.004737201182678292,0.004245895288816678,0.001983995518484283,0.0030967368140845677,0.003378949195110185,0.0029075583253501684,0.003983462713931575,0.005857473955079605,0.005857473955079605,0.004467841690568604,0.002418194396313384,0.009234377158121535,0.00459276592470159
