Region,bulk_carrier_capesize_ice,bulk_carrier_handy_ice,bulk_carrier_ice,bulk_carrier_panamax_ice,container_15000_teu_ice,container_3500_teu_ice,container_8000_teu_ice,container_ice,fleet,gas_carrier_100k_cbm_ice,gas_carrier_ice,tanker_100k_dwt_ice,tanker_300k_dwt_ice,tanker_35k_dwt_ice,tanker_ice
Global,0.0003875275302119853,0.0015728280468530521,0.0005479974933833986,0.0004946362996267789,0.00020900412085431987,0.000358671235151739,0.00025873038615927896,0.0002850744032701726,0.0004734039406916129,0.0011539998418881522,0.0011539998418881522,0.0005066250593969042,0.00021846855969789473,0.0012762556922242937,0.0005367693310284607
Global Average,0.0003875275302119853,0.0015728280468530521,0.0005479974933833986,0.0004946362996267789,0.00020900412085431987,0.000358671235151739,0.00025873038615927896,0.0002850744032701726,0.0004734039406916129,0.0011539998418881522,0.0011539998418881522,0.0005066250593969042,0.00021846855969789473,0.0012762556922242937,0.0005367693310284607
