Region,bulk_carrier_capesize_ice,bulk_carrier_handy_ice,bulk_carrier_ice,bulk_carrier_panamax_ice,container_15000_teu_ice,container_3500_teu_ice,container_8000_teu_ice,container_ice,fleet,gas_carrier_100k_cbm_ice,gas_carrier_ice,tanker_100k_dwt_ice,tanker_300k_dwt_ice,tanker_35k_dwt_ice,tanker_ice
Global,0.004911580264962431,0.012431426497159524,0.0056855179191108935,0.005067939178617321,0.0022828079401214178,0.0037708498664368734,0.0037814030806373644,0.0033897302361558974,0.004854491379712845,0.007607726147773974,0.007607726147773974,0.005399447287181809,0.0027251806700180838,0.012506549538922442,0.005737305170549875
Global Average,0.004911580264962431,0.012431426497159524,0.0056855179191108935,0.005067939178617321,0.0022828079401214178,0.0037708498664368734,0.0037814030806373644,0.0033897302361558974,0.004854491379712845,0.007607726147773974,0.007607726147773974,0.005399447287181809,0.0027251806700180838,0.012506549538922442,0.005737305170549875
