Region,bulk_carrier_capesize_ice,bulk_carrier_handy_ice,bulk_carrier_ice,bulk_carrier_panamax_ice,container_15000_teu_ice,container_3500_teu_ice,container_8000_teu_ice,container_ice,fleet,gas_carrier_100k_cbm_ice,gas_carrier_ice,tanker_100k_dwt_ice,tanker_300k_dwt_ice,tanker_35k_dwt_ice,tanker_ice
Global,0.0005324704755579149,0.0019427994449545047,0.0007579482281683504,0.0007002975954039938,0.0005018753673477868,0.0008604908613747323,0.000618472296488546,0.0006832177540040243,0.0007750348358623721,0.002606372398533099,0.002606372398533099,0.0006003501931511653,0.0002600856547754156,0.0014455982819889105,0.000631712800684309
Global Average,0.0005324704755579149,0.0019427994449545047,0.0007579482281683504,0.0007002975954039938,0.0005018753673477868,0.0008604908613747323,0.000618472296488546,0.0006832177540040243,0.0007750348358623721,0.002606372398533099,0.002606372398533099,0.0006003501931511653,0.0002600856547754156,0.0014455982819889105,0.000631712800684309
