Region,bulk_carrier_capesize_ice,bulk_carrier_handy_ice,bulk_carrier_ice,bulk_carrier_panamax_ice,container_15000_teu_ice,container_3500_teu_ice,container_8000_teu_ice,container_ice,fleet,gas_carrier_100k_cbm_ice,gas_carrier_ice,tanker_100k_dwt_ice,tanker_300k_dwt_ice,tanker_35k_dwt_ice,tanker_ice
Global,0.005090474239599176,0.012711106846963392,0.005968280252420034,0.005389184490294411,0.0022828079401214178,0.0037708498664368734,0.0037814030806373644,0.0033897302361558974,0.004943970024663501,0.007607726147773974,0.007607726147773974,0.0055398207854670915,0.0027960292446523845,0.01283169172790621,0.005886462214722205
Global Average,0.005090474239599176,0.012711106846963392,0.005968280252420034,0.005389184490294411,0.0022828079401214178,0.0037708498664368734,0.0037814030806373644,0.0033897302361558974,0.004943970024663501,0.007607726147773974,0.007607726147773974,0.0055398207854670915,0.0027960292446523845,0.01283169172790621,0.005886462214722205
