Region,bulk_carrier_capesize_ice,bulk_carrier_handy_ice,bulk_carrier_ice,bulk_carrier_panamax_ice,container_15000_teu_ice,container_3500_teu_ice,container_8000_teu_ice,container_ice,fleet,gas_carrier_100k_cbm_ice,gas_carrier_ice,tanker_100k_dwt_ice,tanker_300k_dwt_ice,tanker_35k_dwt_ice,tanker_ice
Global,0.00726999951493882,0.019323930731518203,0.008719724260954926,0.007942687720891134,0.005992531569035371,0.009907669598279776,0.009971537966672838,0.008915510287347734,0.008743546511475103,0.018808456264253134,0.018808456264253134,0.006936455770195138,0.0034858100965788454,0.016773736716566047,0.007419297635612731
Global Average,0.00726999951493882,0.019323930731518203,0.008719724260954926,0.007942687720891134,0.005992531569035371,0.009907669598279776,0.009971537966672838,0.008915510287347734,0.008743546511475103,0.018808456264253134,0.018808456264253134,0.006936455770195138,0.0034858100965788454,0.016773736716566047,0.007419297635612731
