Region,bulk_carrier_capesize_ice,bulk_carrier_handy_ice,bulk_carrier_ice,bulk_carrier_panamax_ice,container_15000_teu_ice,container_3500_teu_ice,container_8000_teu_ice,container_ice,fleet,gas_carrier_100k_cbm_ice,gas_carrier_ice,tanker_100k_dwt_ice,tanker_300k_dwt_ice,tanker_35k_dwt_ice,tanker_ice
Global,0.5238427415266934,1.0802753307925241,0.7875462566520179,0.8488980473267321,1.0065949541861474,1.4064208298518035,0.9036237017262503,1.134262196933439,0.8432365687169314,0.5077042249456895,0.5077042249456895,0.7684888244680905,0.45493114201356283,0.8304643133307229,0.7445036763213481
Global Average,0.5238427415266934,1.0802753307925241,0.7875462566520179,0.8488980473267321,1.0065949541861474,1.4064208298518035,0.9036237017262503,1.134262196933439,0.8432365687169314,0.5077042249456895,0.5077042249456895,0.7684888244680905,0.45493114201356283,0.8304643133307229,0.7445036763213481
