Region,bulk_carrier_capesize_ice,bulk_carrier_handy_ice,bulk_carrier_ice,bulk_carrier_panamax_ice,container_15000_teu_ice,container_3500_teu_ice,container_8000_teu_ice,container_ice,fleet,gas_carrier_100k_cbm_ice,gas_carrier_ice,tanker_100k_dwt_ice,tanker_300k_dwt_ice,tanker_35k_dwt_ice,tanker_ice
Global,0.004311173627844241,0.010202378550177487,0.004759134128010537,0.00420745081332404,0.0020743911414961534,0.0032407503518358184,0.003548949679797028,0.003045920120781148,0.004102662415015458,0.006059487287709491,0.006059487287709491,0.0045393071031409925,0.0024455330318858192,0.009815387582355155,0.004698422900332146
Global Average,0.004311173627844241,0.010202378550177487,0.004759134128010537,0.00420745081332404,0.0020743911414961534,0.0032407503518358184,0.003548949679797028,0.003045920120781148,0.004102662415015458,0.006059487287709491,0.006059487287709491,0.0045393071031409925,0.0024455330318858192,0.009815387582355155,0.004698422900332146
