Region,bulk_carrier_capesize_ice,bulk_carrier_handy_ice,bulk_carrier_ice,bulk_carrier_panamax_ice,container_15000_teu_ice,container_3500_teu_ice,container_8000_teu_ice,container_ice,fleet,gas_carrier_100k_cbm_ice,gas_carrier_ice,tanker_100k_dwt_ice,tanker_300k_dwt_ice,tanker_35k_dwt_ice,tanker_ice
Global,0.6729952465386343,1.3265958853499844,0.9712002407499408,1.032413834700281,1.187708041819252,1.646239686590264,1.0659548545692399,1.3320042215159733,1.0098641110320723,0.61256769734208,0.61256769734208,0.8879901212507372,0.5680818656038087,1.009144256809127,0.8886637390372231
Global Average,0.6729952465386343,1.3265958853499844,0.9712002407499408,1.032413834700281,1.187708041819252,1.646239686590264,1.0659548545692399,1.3320042215159733,1.0098641110320723,0.61256769734208,0.61256769734208,0.8879901212507372,0.5680818656038087,1.009144256809127,0.8886637390372231
