Region,bulk_carrier_capesize_ice,bulk_carrier_handy_ice,bulk_carrier_ice,bulk_carrier_panamax_ice,container_15000_teu_ice,container_3500_teu_ice,container_8000_teu_ice,container_ice,fleet,gas_carrier_100k_cbm_ice,gas_carrier_ice,tanker_100k_dwt_ice,tanker_300k_dwt_ice,tanker_35k_dwt_ice,tanker_ice
Global,6.089663258857038,2.0966394565632114,3.278932315323756,2.962200783816316,12.071717989041774,4.332730916251474,10.918201499617865,6.766934414319228,4.403038341980888,4.704679817257798,4.704679817257798,4.6320897052865035,8.07041213451503,2.7240511545464448,4.045962553188147
Global Average,6.089663258857038,2.0966394565632114,3.278932315323756,2.962200783816316,12.071717989041774,4.332730916251474,10.918201499617865,6.766934414319228,4.403038341980888,4.704679817257798,4.704679817257798,4.6320897052865035,8.07041213451503,2.7240511545464448,4.045962553188147
