Region,bulk_carrier_capesize_ice,bulk_carrier_handy_ice,bulk_carrier_ice,bulk_carrier_panamax_ice,container_15000_teu_ice,container_3500_teu_ice,container_8000_teu_ice,container_ice,fleet,gas_carrier_100k_cbm_ice,gas_carrier_ice,tanker_100k_dwt_ice,tanker_300k_dwt_ice,tanker_35k_dwt_ice,tanker_ice
Global,0.004142664895111679,0.009913278558674361,0.005465124343437169,0.005521398043706618,0.002672433908794981,0.004476039722315104,0.004377599123022964,0.003974445080278577,0.0053998776040395935,0.015652680725776795,0.015652680725776795,0.0055410327380181375,0.0027217450791525333,0.014012087084629915,0.006020709979072895
Global Average,0.004142664895111679,0.009913278558674361,0.005465124343437169,0.005521398043706618,0.002672433908794981,0.004476039722315104,0.004377599123022964,0.003974445080278577,0.0053998776040395935,0.015652680725776795,0.015652680725776795,0.0055410327380181375,0.0027217450791525333,0.014012087084629915,0.006020709979072895
