Region,bulk_carrier_capesize_ice,bulk_carrier_handy_ice,bulk_carrier_ice,bulk_carrier_panamax_ice,container_15000_teu_ice,container_3500_teu_ice,container_8000_teu_ice,container_ice,fleet,gas_carrier_100k_cbm_ice,gas_carrier_ice,tanker_100k_dwt_ice,tanker_300k_dwt_ice,tanker_35k_dwt_ice,tanker_ice
Global,5.705127563353122,3.046655234187723,3.8261982166464956,3.6088624570804453,12.561081878668851,3.786000906592872,7.702593260345912,5.64965956486821,4.028836515120326,1.7539286577432676,1.7539286577432676,3.643745447298162,7.1357597866475215,3.251484543479279,3.8505952234799783
Global Average,5.705127563353122,3.046655234187723,3.8261982166464956,3.6088624570804453,12.561081878668851,3.786000906592872,7.702593260345912,5.64965956486821,4.028836515120326,1.7539286577432676,1.7539286577432676,3.643745447298162,7.1357597866475215,3.251484543479279,3.8505952234799783
