Region,bulk_carrier_capesize_ice,bulk_carrier_handy_ice,bulk_carrier_ice,bulk_carrier_panamax_ice,container_15000_teu_ice,container_3500_teu_ice,container_8000_teu_ice,container_ice,fleet,gas_carrier_100k_cbm_ice,gas_carrier_ice,tanker_100k_dwt_ice,tanker_300k_dwt_ice,tanker_35k_dwt_ice,tanker_ice
Global,0.06986181831241323,0.14151051020003372,0.0854028405759582,0.07369538330316527,0.06627250220469079,0.0956335970625282,0.07084078514308241,0.08049671726468839,0.20989087385485025,0.09225735834454513,0.09225735834454513,0.3263953267193031,0.19874652187048122,0.5531728458082149,0.4091144193069811
Global Average,0.06986181831241323,0.14151051020003372,0.0854028405759582,0.07369538330316527,0.06627250220469079,0.0956335970625282,0.07084078514308241,0.08049671726468839,0.20989087385485025,0.09225735834454513,0.09225735834454513,0.3263953267193031,0.19874652187048122,0.5531728458082149,0.4091144193069811
