Region,bulk_carrier_capesize_ice,bulk_carrier_handy_ice,bulk_carrier_ice,bulk_carrier_panamax_ice,container_15000_teu_ice,container_3500_teu_ice,container_8000_teu_ice,container_ice,fleet,gas_carrier_100k_cbm_ice,gas_carrier_ice,tanker_100k_dwt_ice,tanker_300k_dwt_ice,tanker_35k_dwt_ice,tanker_ice
Global,0.006042663491980932,0.017388055914826183,0.007433247954480876,0.006777603961968627,0.005006605216485668,0.008383964681638614,0.00821968566274916,0.007451147074419854,0.007435674690344503,0.015652680725776795,0.015652680725776795,0.005904729398862573,0.0028950955462300836,0.015158580726940174,0.0064294603213013975
Global Average,0.006042663491980932,0.017388055914826183,0.007433247954480876,0.006777603961968627,0.005006605216485668,0.008383964681638614,0.00821968566274916,0.007451147074419854,0.007435674690344503,0.015652680725776795,0.015652680725776795,0.005904729398862573,0.0028950955462300836,0.015158580726940174,0.0064294603213013975
