Region,bulk_carrier_capesize_ice,bulk_carrier_handy_ice,bulk_carrier_ice,bulk_carrier_panamax_ice,container_15000_teu_ice,container_3500_teu_ice,container_8000_teu_ice,container_ice,fleet,gas_carrier_100k_cbm_ice,gas_carrier_ice,tanker_100k_dwt_ice,tanker_300k_dwt_ice,tanker_35k_dwt_ice,tanker_ice
Global,1.4262818908382804,0.7616638085469307,0.9565495541616239,0.9022156142701114,3.1402704696672137,0.9465002266482182,1.9256483150864787,1.412414891217053,1.033783132341388,0.43848216443581706,0.43848216443581706,0.9109363618245409,1.7839399466618804,0.9754453630437836,1.0470224434078532
Global Average,1.4262818908382804,0.7616638085469307,0.9565495541616239,0.9022156142701114,3.1402704696672137,0.9465002266482182,1.9256483150864787,1.412414891217053,1.033783132341388,0.43848216443581706,0.43848216443581706,0.9109363618245409,1.7839399466618804,0.9754453630437836,1.0470224434078532
