Region,bulk_carrier_capesize_ice,bulk_carrier_handy_ice,bulk_carrier_ice,bulk_carrier_panamax_ice,container_15000_teu_ice,container_3500_teu_ice,container_8000_teu_ice,container_ice,fleet,gas_carrier_100k_cbm_ice,gas_carrier_ice,tanker_100k_dwt_ice,tanker_300k_dwt_ice,tanker_35k_dwt_ice,tanker_ice
Global,0.0047172154761491725,0.011195222946973124,0.005342466432905126,0.0048233861486795,0.004022676414812125,0.006264916412710756,0.0068836765270532405,0.005898700025623599,0.005482722166003463,0.011036987824221977,0.011036987824221977,0.004398697695833722,0.0023421729490503873,0.0098838761265298,0.004599966707986386
Global Average,0.0047172154761491725,0.011195222946973124,0.005342466432905126,0.0048233861486795,0.004022676414812125,0.006264916412710756,0.0068836765270532405,0.005898700025623599,0.005482722166003463,0.011036987824221977,0.011036987824221977,0.004398697695833722,0.0023421729490503873,0.0098838761265298,0.004599966707986386
