Region,bulk_carrier_capesize_ice,bulk_carrier_handy_ice,bulk_carrier_ice,bulk_carrier_panamax_ice,container_15000_teu_ice,container_3500_teu_ice,container_8000_teu_ice,container_ice,fleet,gas_carrier_100k_cbm_ice,gas_carrier_ice,tanker_100k_dwt_ice,tanker_300k_dwt_ice,tanker_35k_dwt_ice,tanker_ice
Global,26.360365128594196,16.081355577868436,18.202084823657547,16.60239278582535,53.57282667528952,19.7776931663342,33.35330038470658,26.574338327071477,25.784494626492485,51.84227429308477,51.84227429308477,28.273301311218457,37.10803735672058,22.815423226100844,26.479117011144428
Global Average,26.360365128594196,16.081355577868436,18.202084823657547,16.60239278582535,53.57282667528952,19.7776931663342,33.35330038470658,26.574338327071477,25.784494626492485,51.84227429308477,51.84227429308477,28.273301311218457,37.10803735672058,22.815423226100844,26.479117011144428
