Region,bulk_carrier_capesize_ice,bulk_carrier_handy_ice,bulk_carrier_ice,bulk_carrier_panamax_ice,container_15000_teu_ice,container_3500_teu_ice,container_8000_teu_ice,container_ice,fleet,gas_carrier_100k_cbm_ice,gas_carrier_ice,tanker_100k_dwt_ice,tanker_300k_dwt_ice,tanker_35k_dwt_ice,tanker_ice
Global,0.0005096012972290925,0.0020895297588060333,0.0007308359990279965,0.0006682074245939872,0.0002704809510940745,0.0004624982593739832,0.00034263352143980085,0.0003710311924500158,0.0005941581394675113,0.0012737589993912924,0.0012737589993912924,0.0006199328574316419,0.00027605020665866047,0.0016142940673092771,0.0006679516077556256
Global Average,0.0005096012972290925,0.0020895297588060333,0.0007308359990279965,0.0006682074245939872,0.0002704809510940745,0.0004624982593739832,0.00034263352143980085,0.0003710311924500158,0.0005941581394675113,0.0012737589993912924,0.0012737589993912924,0.0006199328574316419,0.00027605020665866047,0.0016142940673092771,0.0006679516077556256
