Region,bulk_carrier_capesize_ice,bulk_carrier_handy_ice,bulk_carrier_ice,bulk_carrier_panamax_ice,container_15000_teu_ice,container_3500_teu_ice,container_8000_teu_ice,container_ice,fleet,gas_carrier_100k_cbm_ice,gas_carrier_ice,tanker_100k_dwt_ice,tanker_300k_dwt_ice,tanker_35k_dwt_ice,tanker_ice
Global,0.0004801774780211617,0.0016085837460677551,0.0007445639259335216,0.000761693320420407,0.0003624860558670188,0.000619934189263414,0.00045814359854495117,0.0004968837344871194,0.0007266732565685411,0.0029760724284843276,0.0029760724284843276,0.0006999406191920938,0.0003122693014185506,0.0017943045357137195,0.0007525030914280439
Global Average,0.0004801774780211617,0.0016085837460677551,0.0007445639259335216,0.000761693320420407,0.0003624860558670188,0.000619934189263414,0.00045814359854495117,0.0004968837344871194,0.0007266732565685411,0.0029760724284843276,0.0029760724284843276,0.0006999406191920938,0.0003122693014185506,0.0017943045357137195,0.0007525030914280439
