Region,bulk_carrier_capesize_ice,bulk_carrier_handy_ice,bulk_carrier_ice,bulk_carrier_panamax_ice,container_15000_teu_ice,container_3500_teu_ice,container_8000_teu_ice,container_ice,fleet,gas_carrier_100k_cbm_ice,gas_carrier_ice,tanker_100k_dwt_ice,tanker_300k_dwt_ice,tanker_35k_dwt_ice,tanker_ice
Global,0.00011342431467878768,0.00039203586398379585,0.00017977869227985387,0.00018514623379649702,0.00010875810315185974,0.0002322629676975168,0.00016136034225428894,0.00017557012905276118,0.00018151278443544042,0.0002927495518014922,0.0002927495518014922,0.0001624540263981658,6.673422326978924e-05,0.000446655661768635,0.00017809244475234587
Global Average,0.00011342431467878768,0.00039203586398379585,0.00017977869227985387,0.00018514623379649702,0.00010875810315185974,0.0002322629676975168,0.00016136034225428894,0.00017557012905276118,0.00018151278443544042,0.0002927495518014922,0.0002927495518014922,0.0001624540263981658,6.673422326978924e-05,0.000446655661768635,0.00017809244475234587
