Region,bulk_carrier_capesize_ice,bulk_carrier_handy_ice,bulk_carrier_ice,bulk_carrier_panamax_ice,container_15000_teu_ice,container_3500_teu_ice,container_8000_teu_ice,container_ice,fleet,gas_carrier_100k_cbm_ice,gas_carrier_ice,tanker_100k_dwt_ice,tanker_300k_dwt_ice,tanker_35k_dwt_ice,tanker_ice
Global,0.0033201495857506473,0.008160827780234735,0.003691272803371597,0.0032633217789780847,0.0016022272191228543,0.0024953087364953984,0.0027417601521888485,0.002349445186218443,0.0032013166391920197,0.004634335773223306,0.004634335773223306,0.0035808924301333513,0.0019057238528067337,0.008081274463086215,0.003747001796701585
Global Average,0.0033201495857506473,0.008160827780234735,0.003691272803371597,0.0032633217789780847,0.0016022272191228543,0.0024953087364953984,0.0027417601521888485,0.002349445186218443,0.0032013166391920197,0.004634335773223306,0.004634335773223306,0.0035808924301333513,0.0019057238528067337,0.008081274463086215,0.003747001796701585
