Region,bulk_carrier_capesize_ice,bulk_carrier_handy_ice,bulk_carrier_ice,bulk_carrier_panamax_ice,container_15000_teu_ice,container_3500_teu_ice,container_8000_teu_ice,container_ice,fleet,gas_carrier_100k_cbm_ice,gas_carrier_ice,tanker_100k_dwt_ice,tanker_300k_dwt_ice,tanker_35k_dwt_ice,tanker_ice
Global,0.8714040091387562,1.2474827226048437,1.0672467998146804,1.1285210554534746,0.9715789884106182,0.7902480185350786,0.6555049846255068,0.7676859561754583,0.7229599769761006,0.3384110916995562,0.3384110916995562,0.5298783308846765,0.708458533820796,0.5333422549854143,0.5623534980191218
Global Average,0.8714040091387562,1.2474827226048437,1.0672467998146804,1.1285210554534746,0.9715789884106182,0.7902480185350786,0.6555049846255068,0.7676859561754583,0.7229599769761006,0.3384110916995562,0.3384110916995562,0.5298783308846765,0.708458533820796,0.5333422549854143,0.5623534980191218
