Region,bulk_carrier_capesize_ice,bulk_carrier_handy_ice,bulk_carrier_ice,bulk_carrier_panamax_ice,container_15000_teu_ice,container_3500_teu_ice,container_8000_teu_ice,container_ice,fleet,gas_carrier_100k_cbm_ice,gas_carrier_ice,tanker_100k_dwt_ice,tanker_300k_dwt_ice,tanker_35k_dwt_ice,tanker_ice
Global,43.18723027503667,41.09139244010773,42.73246449700476,43.07474764447743,43.289808846291436,42.43481251171406,43.1594975886524,42.87669454149951,39.07333936273772,42.53479244799972,42.53479244799972,35.64495138013321,39.39277419176786,28.98735853331488,33.216603127731155
Global Average,43.18723027503667,41.09139244010773,42.73246449700476,43.07474764447743,43.289808846291436,42.43481251171406,43.1594975886524,42.87669454149951,39.07333936273772,42.53479244799972,42.53479244799972,35.64495138013321,39.39277419176786,28.98735853331488,33.216603127731155
