Region,bulk_carrier_capesize_ice,bulk_carrier_handy_ice,bulk_carrier_ice,bulk_carrier_panamax_ice,container_15000_teu_ice,container_3500_teu_ice,container_8000_teu_ice,container_ice,fleet,gas_carrier_100k_cbm_ice,gas_carrier_ice,tanker_100k_dwt_ice,tanker_300k_dwt_ice,tanker_35k_dwt_ice,tanker_ice
Global,5.7224005165251555,12.374338311482592,8.623190337465639,9.10210183422348,3.2805000567233704,6.488001104847537,2.9829776681340063,4.513274150007839,6.78681664162608,6.318836047140488,6.318836047140488,6.159886265210112,3.713017450691227,9.776718936497753,7.40809658564275
Global Average,5.7224005165251555,12.374338311482592,8.623190337465639,9.10210183422348,3.2805000567233704,6.488001104847537,2.9829776681340063,4.513274150007839,6.78681664162608,6.318836047140488,6.318836047140488,6.159886265210112,3.713017450691227,9.776718936497753,7.40809658564275
