Region,bulk_carrier_capesize_ice,bulk_carrier_handy_ice,bulk_carrier_ice,bulk_carrier_panamax_ice,container_15000_teu_ice,container_3500_teu_ice,container_8000_teu_ice,container_ice,fleet,gas_carrier_100k_cbm_ice,gas_carrier_ice,tanker_100k_dwt_ice,tanker_300k_dwt_ice,tanker_35k_dwt_ice,tanker_ice
Global,0.0005922270514096657,0.0028647279729986175,0.0010025971614971362,0.0009502781277145592,0.00028530109012231533,0.0008961193948760958,0.00044210628604426195,0.0005795785728188007,0.0008897313929883669,0.0015303495806622599,0.0015303495806622597,0.00071929319550247,0.0002100473657563886,0.002980057530162067,0.0009623151098300938
Global Average,0.0005922270514096657,0.0028647279729986175,0.0010025971614971362,0.0009502781277145592,0.00028530109012231533,0.0008961193948760958,0.00044210628604426195,0.0005795785728188007,0.0008897313929883669,0.0015303495806622599,0.0015303495806622597,0.00071929319550247,0.0002100473657563886,0.002980057530162067,0.0009623151098300938
