Region,bulk_carrier_capesize_ice,bulk_carrier_handy_ice,bulk_carrier_ice,bulk_carrier_panamax_ice,container_15000_teu_ice,container_3500_teu_ice,container_8000_teu_ice,container_ice,fleet,gas_carrier_100k_cbm_ice,gas_carrier_ice,tanker_100k_dwt_ice,tanker_300k_dwt_ice,tanker_35k_dwt_ice,tanker_ice
Global,0.005725429047174249,0.01477510388010865,0.006912788295639834,0.006319110374263084,0.004685730407176794,0.007843527230625695,0.007638143685276497,0.00695518567709063,0.006947002737260667,0.014609523227088238,0.014609523227088236,0.0055873666200913765,0.0027545506089827433,0.013551001936998052,0.00603094986877454
Global Average,0.005725429047174249,0.01477510388010865,0.006912788295639834,0.006319110374263084,0.004685730407176794,0.007843527230625695,0.007638143685276497,0.00695518567709063,0.006947002737260667,0.014609523227088238,0.014609523227088236,0.0055873666200913765,0.0027545506089827433,0.013551001936998052,0.00603094986877454
