Region,bulk_carrier_capesize_ice,bulk_carrier_handy_ice,bulk_carrier_ice,bulk_carrier_panamax_ice,container_15000_teu_ice,container_3500_teu_ice,container_8000_teu_ice,container_ice,fleet,gas_carrier_100k_cbm_ice,gas_carrier_ice,tanker_100k_dwt_ice,tanker_300k_dwt_ice,tanker_35k_dwt_ice,tanker_ice
Global,0.0004285090594251939,0.0019220742284861028,0.0007926350294012367,0.0008303168459772675,0.000162717066754686,0.0005113854888832212,0.00025338147196693396,0.0003311921944746876,0.0006915846738968341,0.001639620473070492,0.001639620473070492,0.0007133283737245946,0.00020754579068980343,0.0030814566940493256,0.0009606812045917323
Global Average,0.0004285090594251939,0.0019220742284861028,0.0007926350294012367,0.0008303168459772675,0.000162717066754686,0.0005113854888832212,0.00025338147196693396,0.0003311921944746876,0.0006915846738968341,0.001639620473070492,0.001639620473070492,0.0007133283737245946,0.00020754579068980343,0.0030814566940493256,0.0009606812045917323
