Region,bulk_carrier_capesize_ice,bulk_carrier_handy_ice,bulk_carrier_ice,bulk_carrier_panamax_ice,container_15000_teu_ice,container_3500_teu_ice,container_8000_teu_ice,container_ice,fleet,gas_carrier_100k_cbm_ice,gas_carrier_ice,tanker_100k_dwt_ice,tanker_300k_dwt_ice,tanker_35k_dwt_ice,tanker_ice
Global,1.5146922629245243,2.5239318748843727,1.9558382163868389,2.0296106027515224,2.1926462335797194,2.946744527944112,1.8996428339078308,2.392556763676774,1.7812627037164501,1.1282101261173754,1.1282101261173754,1.4028578741555806,1.1938827317841887,1.4171306950184415,1.3733234558901433
Global Average,1.5146922629245243,2.5239318748843727,1.9558382163868389,2.0296106027515224,2.1926462335797194,2.946744527944112,1.8996428339078308,2.392556763676774,1.7812627037164501,1.1282101261173754,1.1282101261173754,1.4028578741555806,1.1938827317841887,1.4171306950184415,1.3733234558901433
