Region,bulk_carrier_capesize_ice,bulk_carrier_handy_ice,bulk_carrier_ice,bulk_carrier_panamax_ice,container_15000_teu_ice,container_3500_teu_ice,container_8000_teu_ice,container_ice,fleet,gas_carrier_100k_cbm_ice,gas_carrier_ice,tanker_100k_dwt_ice,tanker_300k_dwt_ice,tanker_35k_dwt_ice,tanker_ice
Global,0.0034321467409690314,0.008290942689362462,0.0038555041080214295,0.0034471172102155906,0.0016022272191228543,0.0024953087364953984,0.0027417601521888485,0.002349445186218443,0.0032555370875891852,0.004723830788767007,0.004723830788767007,0.0036559335222709722,0.0019465353309152977,0.008219739922046934,0.003823530744549914
Global Average,0.0034321467409690314,0.008290942689362462,0.0038555041080214295,0.0034471172102155906,0.0016022272191228543,0.0024953087364953984,0.0027417601521888485,0.002349445186218443,0.0032555370875891852,0.004723830788767007,0.004723830788767007,0.0036559335222709722,0.0019465353309152977,0.008219739922046934,0.003823530744549914
