Region,bulk_carrier_capesize_ice,bulk_carrier_handy_ice,bulk_carrier_ice,bulk_carrier_panamax_ice,container_15000_teu_ice,container_3500_teu_ice,container_8000_teu_ice,container_ice,fleet,gas_carrier_100k_cbm_ice,gas_carrier_ice,tanker_100k_dwt_ice,tanker_300k_dwt_ice,tanker_35k_dwt_ice,tanker_ice
Global,0.21785100228468898,0.31187068065121093,0.2668116999536701,0.28213026386336876,0.24289474710265463,0.1975620046337697,0.16387624615637675,0.19192148904386466,0.18550860198741262,0.08460277292488907,0.08460277292488907,0.13246958272116915,0.177114633455199,0.16000267649562427,0.1529105759973412
Global Average,0.21785100228468898,0.31187068065121093,0.2668116999536701,0.28213026386336876,0.24289474710265463,0.1975620046337697,0.16387624615637675,0.19192148904386466,0.18550860198741262,0.08460277292488907,0.08460277292488907,0.13246958272116915,0.177114633455199,0.16000267649562427,0.1529105759973412
