Region,bulk_carrier_capesize_ice,bulk_carrier_handy_ice,bulk_carrier_ice,bulk_carrier_panamax_ice,container_15000_teu_ice,container_3500_teu_ice,container_8000_teu_ice,container_ice,fleet,gas_carrier_100k_cbm_ice,gas_carrier_ice,tanker_100k_dwt_ice,tanker_300k_dwt_ice,tanker_35k_dwt_ice,tanker_ice
Global,0.004396514832878722,0.012877222343145173,0.005364360896668987,0.0048437331246480395,0.0019941248875297505,0.0033393231351205865,0.0032738909977937337,0.002967782994516771,0.004415163488634355,0.00669934735063247,0.00669934735063247,0.004907656684315285,0.0024060587709362814,0.01260634892300577,0.00534422111505256
Global Average,0.004396514832878722,0.012877222343145173,0.005364360896668987,0.0048437331246480395,0.0019941248875297505,0.0033393231351205865,0.0032738909977937337,0.002967782994516771,0.004415163488634355,0.00669934735063247,0.00669934735063247,0.004907656684315285,0.0024060587709362814,0.01260634892300577,0.00534422111505256
