Region,bulk_carrier_capesize_ice,bulk_carrier_handy_ice,bulk_carrier_ice,bulk_carrier_panamax_ice,container_15000_teu_ice,container_3500_teu_ice,container_8000_teu_ice,container_ice,fleet,gas_carrier_100k_cbm_ice,gas_carrier_ice,tanker_100k_dwt_ice,tanker_300k_dwt_ice,tanker_35k_dwt_ice,tanker_ice
Global,4.02629522308486,6.584668003895255,5.07713288179567,5.191705157106555,4.14376987987528,4.128177256554224,2.838427775804061,3.6109691378942204,4.626933252701781,10.002687716092193,10.002687716092193,4.111541248990565,3.6841915261641347,3.7424226100839117,3.8670966984208976
Global Average,4.02629522308486,6.584668003895255,5.07713288179567,5.191705157106555,4.14376987987528,4.128177256554224,2.838427775804061,3.6109691378942204,4.626933252701781,10.002687716092193,10.002687716092193,4.111541248990565,3.6841915261641347,3.7424226100839117,3.8670966984208976
