Region,bulk_carrier_capesize_ice,bulk_carrier_handy_ice,bulk_carrier_ice,bulk_carrier_panamax_ice,container_15000_teu_ice,container_3500_teu_ice,container_8000_teu_ice,container_ice,fleet,gas_carrier_100k_cbm_ice,gas_carrier_ice,tanker_100k_dwt_ice,tanker_300k_dwt_ice,tanker_35k_dwt_ice,tanker_ice
Global,15.284886787651217,8.109260211198523,10.22083824334286,9.64056608401718,33.4242127008871,10.066423871316015,20.536365940126153,15.038438303490347,10.744622627476053,4.67196718932407,4.67196718932407,9.736113615486502,19.054096269090174,8.655946585581207,10.270694587930045
Global Average,15.284886787651217,8.109260211198523,10.22083824334286,9.64056608401718,33.4242127008871,10.066423871316015,20.536365940126153,15.038438303490347,10.744622627476053,4.67196718932407,4.67196718932407,9.736113615486502,19.054096269090174,8.655946585581207,10.270694587930045
