Region,bulk_carrier_capesize_ice,bulk_carrier_handy_ice,bulk_carrier_ice,bulk_carrier_panamax_ice,container_15000_teu_ice,container_3500_teu_ice,container_8000_teu_ice,container_ice,fleet,gas_carrier_100k_cbm_ice,gas_carrier_ice,tanker_100k_dwt_ice,tanker_300k_dwt_ice,tanker_35k_dwt_ice,tanker_ice
Global,0.0007185490473288553,0.004304497451423176,0.0010787236249901982,0.000981262418172504,0.0003886173086941846,0.000634901726381383,0.0004965652410480919,0.0005231671998475652,0.0008210926392943881,0.0014780952562045474,0.0014780952562045472,0.0008135044844026543,0.0003756554492182122,0.0025793017713245056,0.0009103567655418519
Global Average,0.0007185490473288553,0.004304497451423176,0.0010787236249901982,0.000981262418172504,0.0003886173086941846,0.000634901726381383,0.0004965652410480919,0.0005231671998475652,0.0008210926392943881,0.0014780952562045474,0.0014780952562045472,0.0008135044844026543,0.0003756554492182122,0.0025793017713245056,0.0009103567655418519
