Region,bulk_carrier_capesize_ice,bulk_carrier_handy_ice,bulk_carrier_ice,bulk_carrier_panamax_ice,container_15000_teu_ice,container_3500_teu_ice,container_8000_teu_ice,container_ice,fleet,gas_carrier_100k_cbm_ice,gas_carrier_ice,tanker_100k_dwt_ice,tanker_300k_dwt_ice,tanker_35k_dwt_ice,tanker_ice
Global,0.0002093697381399581,0.00114994795581186,0.0003046909172500431,0.00028160891191808833,0.00011261224454904124,0.00014538092392791467,0.00013380689933746993,0.00013285314883319487,0.00018903428664851515,0.00011073506947849749,0.00011073506947849748,0.0001661979181819325,0.00010497241664499276,0.0005566154939249694,0.00020258543086385807
Global Average,0.0002093697381399581,0.00114994795581186,0.0003046909172500431,0.00028160891191808833,0.00011261224454904124,0.00014538092392791467,0.00013380689933746993,0.00013285314883319487,0.00018903428664851515,0.00011073506947849749,0.00011073506947849748,0.0001661979181819325,0.00010497241664499276,0.0005566154939249694,0.00020258543086385807
