Region,bulk_carrier_capesize_ice,bulk_carrier_handy_ice,bulk_carrier_ice,bulk_carrier_panamax_ice,container_15000_teu_ice,container_3500_teu_ice,container_8000_teu_ice,container_ice,fleet,gas_carrier_100k_cbm_ice,gas_carrier_ice,tanker_100k_dwt_ice,tanker_300k_dwt_ice,tanker_35k_dwt_ice,tanker_ice
Global,0.00431056853557344,0.020090182629783505,0.005637115878460137,0.0050283163039357,0.0020373156479996757,0.003431016107506475,0.0033555686612742478,0.0030408768619413725,0.0045869337193236905,0.006408518977418703,0.006408518977418702,0.004974382037853131,0.0023501091754414586,0.01616498339218817,0.005651532694770698
Global Average,0.00431056853557344,0.020090182629783505,0.005637115878460137,0.0050283163039357,0.0020373156479996757,0.003431016107506475,0.0033555686612742478,0.0030408768619413725,0.0045869337193236905,0.006408518977418703,0.006408518977418702,0.004974382037853131,0.0023501091754414586,0.01616498339218817,0.005651532694770698
