Region,bulk_carrier_capesize_ice,bulk_carrier_handy_ice,bulk_carrier_ice,bulk_carrier_panamax_ice,container_15000_teu_ice,container_3500_teu_ice,container_8000_teu_ice,container_ice,fleet,gas_carrier_100k_cbm_ice,gas_carrier_ice,tanker_100k_dwt_ice,tanker_300k_dwt_ice,tanker_35k_dwt_ice,tanker_ice
Global,0.0034366679420294315,0.008091032701137589,0.004533330383112989,0.004557358803456748,0.002171079779540466,0.003657925003056631,0.003455154722226125,0.0032027899052064477,0.004457374818494923,0.012400731535955832,0.012400731535955832,0.004644642507834209,0.002253801942602693,0.011696154795476432,0.005097796675251695
Global Average,0.0034366679420294315,0.008091032701137589,0.004533330383112989,0.004557358803456748,0.002171079779540466,0.003657925003056631,0.003455154722226125,0.0032027899052064477,0.004457374818494923,0.012400731535955832,0.012400731535955832,0.004644642507834209,0.002253801942602693,0.011696154795476432,0.005097796675251695
