Region,bulk_carrier_capesize_ice,bulk_carrier_handy_ice,bulk_carrier_ice,bulk_carrier_panamax_ice,container_15000_teu_ice,container_3500_teu_ice,container_8000_teu_ice,container_ice,fleet,gas_carrier_100k_cbm_ice,gas_carrier_ice,tanker_100k_dwt_ice,tanker_300k_dwt_ice,tanker_35k_dwt_ice,tanker_ice
Global,39.859794882470354,31.48678529536546,32.5137543379417,30.615254858476906,47.6278051010666,32.653483982942184,38.260295133295195,35.561899558892456,39.543985739327525,33.47899065906758,33.47899065906758,43.881981293585106,40.37796292038512,61.224436268624416,52.4706225630456
Global Average,39.859794882470354,31.48678529536546,32.5137543379417,30.615254858476906,47.6278051010666,32.653483982942184,38.260295133295195,35.561899558892456,39.543985739327525,33.47899065906758,33.47899065906758,43.881981293585106,40.37796292038512,61.224436268624416,52.4706225630456
