Region,bulk_carrier_capesize_ice,bulk_carrier_handy_ice,bulk_carrier_ice,bulk_carrier_panamax_ice,container_15000_teu_ice,container_3500_teu_ice,container_8000_teu_ice,container_ice,fleet,gas_carrier_100k_cbm_ice,gas_carrier_ice,tanker_100k_dwt_ice,tanker_300k_dwt_ice,tanker_35k_dwt_ice,tanker_ice
Global,8.303882433706446e-05,0.000608788865858387,0.00014393109875470897,0.00013515083868768045,0.00012988950200659136,0.00028597862266353205,0.00020490175820396688,0.00021742245349491246,0.00016653885281924728,0.00017581788681425591,0.00017581788681425591,0.00012494951296837694,3.7786630718148594e-05,0.00047422483553004584,0.00014387288024722398
Global Average,8.303882433706446e-05,0.000608788865858387,0.00014393109875470897,0.00013515083868768045,0.00012988950200659136,0.00028597862266353205,0.00020490175820396688,0.00021742245349491246,0.00016653885281924728,0.00017581788681425591,0.00017581788681425591,0.00012494951296837694,3.7786630718148594e-05,0.00047422483553004584,0.00014387288024722398
