Region,bulk_carrier_capesize_ice,bulk_carrier_handy_ice,bulk_carrier_ice,bulk_carrier_panamax_ice,container_15000_teu_ice,container_3500_teu_ice,container_8000_teu_ice,container_ice,fleet,gas_carrier_100k_cbm_ice,gas_carrier_ice,tanker_100k_dwt_ice,tanker_300k_dwt_ice,tanker_35k_dwt_ice,tanker_ice
Global,0.000287876439290609,0.0009184164962123848,0.00043636964828571486,0.0004395468541594334,0.00019234745828342758,0.0003045228503344763,0.00022376651471482745,0.00024726417088504225,0.00044082349168024027,0.002377711042505209,0.002377711042505209,0.00045063988122592884,0.0001960570827915472,0.0010615417937759664,0.00047111633024434776
Global Average,0.000287876439290609,0.0009184164962123848,0.00043636964828571486,0.0004395468541594334,0.00019234745828342758,0.0003045228503344763,0.00022376651471482745,0.00024726417088504225,0.00044082349168024027,0.002377711042505209,0.002377711042505209,0.00045063988122592884,0.0001960570827915472,0.0010615417937759664,0.00047111633024434776
