Region,bulk_carrier_capesize_ice,bulk_carrier_handy_ice,bulk_carrier_ice,bulk_carrier_panamax_ice,container_15000_teu_ice,container_3500_teu_ice,container_8000_teu_ice,container_ice,fleet,gas_carrier_100k_cbm_ice,gas_carrier_ice,tanker_100k_dwt_ice,tanker_300k_dwt_ice,tanker_35k_dwt_ice,tanker_ice
Global,0.0049744727363761,0.013429491450383762,0.0061325325787160954,0.00561988087251267,0.004067694624088456,0.006849016454091387,0.006495714645327485,0.006006363936279862,0.006133388262963425,0.012634512895425429,0.012634512895425429,0.00494835192385698,0.0023958833026957033,0.012568699888728736,0.005435632069031007
Global Average,0.0049744727363761,0.013429491450383762,0.0061325325787160954,0.00561988087251267,0.004067694624088456,0.006849016454091387,0.006495714645327485,0.006006363936279862,0.006133388262963425,0.012634512895425429,0.012634512895425429,0.00494835192385698,0.0023958833026957033,0.012568699888728736,0.005435632069031007
