Region,bulk_carrier_capesize_ice,bulk_carrier_handy_ice,bulk_carrier_ice,bulk_carrier_panamax_ice,container_15000_teu_ice,container_3500_teu_ice,container_8000_teu_ice,container_ice,fleet,gas_carrier_100k_cbm_ice,gas_carrier_ice,tanker_100k_dwt_ice,tanker_300k_dwt_ice,tanker_35k_dwt_ice,tanker_ice
Global,0.0001082991164611271,0.000352033036113408,0.00016810047214809785,0.00017183351685272783,0.0001017792836402594,0.00021737221710437833,0.00014975771438332223,0.0001638323513368304,0.00016970688829227436,0.0002681836873523317,0.0002681836873523317,0.00015375832747428693,6.353338688461637e-05,0.0004019704925764993,0.00016730771357272904
Global Average,0.0001082991164611271,0.000352033036113408,0.00016810047214809785,0.00017183351685272783,0.0001017792836402594,0.00021737221710437833,0.00014975771438332223,0.0001638323513368304,0.00016970688829227436,0.0002681836873523317,0.0002681836873523317,0.00015375832747428693,6.353338688461637e-05,0.0004019704925764993,0.00016730771357272904
