Region,bulk_carrier_capesize_ice,bulk_carrier_handy_ice,bulk_carrier_ice,bulk_carrier_panamax_ice,container_15000_teu_ice,container_3500_teu_ice,container_8000_teu_ice,container_ice,fleet,gas_carrier_100k_cbm_ice,gas_carrier_ice,tanker_100k_dwt_ice,tanker_300k_dwt_ice,tanker_35k_dwt_ice,tanker_ice
Global,0.0004967922485017318,0.0030217737069852496,0.0007524270315627567,0.0006796337695395238,0.00045316878153193676,0.0007171315669017339,0.0005456130147577926,0.000589416877794749,0.0007630374696538856,0.0028709503036758242,0.0028709503036758242,0.000578536927738752,0.0002450583148717978,0.001758668034600578,0.0006260752135550347
Global Average,0.0004967922485017318,0.0030217737069852496,0.0007524270315627567,0.0006796337695395238,0.00045316878153193676,0.0007171315669017339,0.0005456130147577926,0.000589416877794749,0.0007630374696538856,0.0028709503036758242,0.0028709503036758242,0.000578536927738752,0.0002450583148717978,0.001758668034600578,0.0006260752135550347
