Region,bulk_carrier_capesize_ice,bulk_carrier_handy_ice,bulk_carrier_ice,bulk_carrier_panamax_ice,container_15000_teu_ice,container_3500_teu_ice,container_8000_teu_ice,container_ice,fleet,gas_carrier_100k_cbm_ice,gas_carrier_ice,tanker_100k_dwt_ice,tanker_300k_dwt_ice,tanker_35k_dwt_ice,tanker_ice
Global,0.0036109671025328018,0.009874860338335784,0.004413394791857508,0.004005720942666832,0.0016201579181950236,0.0027279550864590316,0.0025872353973280583,0.0023923275934474944,0.0036375257534146687,0.005407571519242084,0.005407571519242084,0.004110084990474605,0.001990012867488797,0.01043952118954765,0.004514818291915908
Global Average,0.0036109671025328018,0.009874860338335784,0.004413394791857508,0.004005720942666832,0.0016201579181950236,0.0027279550864590316,0.0025872353973280583,0.0023923275934474944,0.0036375257534146687,0.005407571519242084,0.005407571519242084,0.004110084990474605,0.001990012867488797,0.01043952118954765,0.004514818291915908
