Region,bulk_carrier_capesize_ice,bulk_carrier_handy_ice,bulk_carrier_ice,bulk_carrier_panamax_ice,container_15000_teu_ice,container_3500_teu_ice,container_8000_teu_ice,container_ice,fleet,gas_carrier_100k_cbm_ice,gas_carrier_ice,tanker_100k_dwt_ice,tanker_300k_dwt_ice,tanker_35k_dwt_ice,tanker_ice
Global,0.0004408178294270041,0.0037181168621267385,0.0008060157942308951,0.0007465452833728811,8.057883272174631e-05,0.00032133672893630544,0.00013422521400697493,0.00019434990677546889,0.0005507365275678187,0.0006905859528919443,0.0006905859528919443,0.0006032904919295423,0.00016468358881851556,0.003374404089472147,0.0008598627270408121
Global Average,0.0004408178294270041,0.0037181168621267385,0.0008060157942308951,0.0007465452833728811,8.057883272174631e-05,0.00032133672893630544,0.00013422521400697493,0.00019434990677546889,0.0005507365275678187,0.0006905859528919443,0.0006905859528919443,0.0006032904919295423,0.00016468358881851556,0.003374404089472147,0.0008598627270408121
