Region,bulk_carrier_capesize_ice,bulk_carrier_handy_ice,bulk_carrier_ice,bulk_carrier_panamax_ice,container_15000_teu_ice,container_3500_teu_ice,container_8000_teu_ice,container_ice,fleet,gas_carrier_100k_cbm_ice,gas_carrier_ice,tanker_100k_dwt_ice,tanker_300k_dwt_ice,tanker_35k_dwt_ice,tanker_ice
Global,0.0005630988423573555,0.001733574566405204,0.0008495004910008088,0.0008666134900697779,0.0004141327740322317,0.0006768907013678011,0.00051130222942574,0.0005510235048903507,0.0007942253537170833,0.0028601713627358872,0.0028601713627358872,0.000759579276343848,0.000360261127459431,0.0018662507748839873,0.0008211601955282383
Global Average,0.0005630988423573555,0.001733574566405204,0.0008495004910008088,0.0008666134900697779,0.0004141327740322317,0.0006768907013678011,0.00051130222942574,0.0005510235048903507,0.0007942253537170833,0.0028601713627358872,0.0028601713627358872,0.000759579276343848,0.000360261127459431,0.0018662507748839873,0.0008211601955282383
