Region,bulk_carrier_capesize_ice,bulk_carrier_handy_ice,bulk_carrier_ice,bulk_carrier_panamax_ice,container_15000_teu_ice,container_3500_teu_ice,container_8000_teu_ice,container_ice,fleet,gas_carrier_100k_cbm_ice,gas_carrier_ice,tanker_100k_dwt_ice,tanker_300k_dwt_ice,tanker_35k_dwt_ice,tanker_ice
Global,0.0009717472562630744,0.005703806568659671,0.0014647836651011355,0.0013399704432335436,0.0009756928751514308,0.0015940337112960107,0.0012467153595563103,0.0013135043086973876,0.0013747536500954816,0.003453493589262961,0.003453493589262961,0.0009751570582579622,0.0004503024504495404,0.0030918383068671744,0.0010912549868767872
Global Average,0.0009717472562630744,0.005703806568659671,0.0014647836651011355,0.0013399704432335436,0.0009756928751514308,0.0015940337112960107,0.0012467153595563103,0.0013135043086973876,0.0013747536500954816,0.003453493589262961,0.003453493589262961,0.0009751570582579622,0.0004503024504495404,0.0030918383068671744,0.0010912549868767872
