Region,bulk_carrier_capesize_ice,bulk_carrier_handy_ice,bulk_carrier_ice,bulk_carrier_panamax_ice,container_15000_teu_ice,container_3500_teu_ice,container_8000_teu_ice,container_ice,fleet,gas_carrier_100k_cbm_ice,gas_carrier_ice,tanker_100k_dwt_ice,tanker_300k_dwt_ice,tanker_35k_dwt_ice,tanker_ice
Global,0.00017538921616721748,0.0005652300762643299,0.00023854774964905602,0.00022433885378868773,8.955392841113279e-05,0.00011559043107830117,0.00010316878637230802,0.00010451862020717581,0.000149907787650293,9.343934378648139e-05,9.343934378648139e-05,0.0001373210910962717,8.888798105121667e-05,0.0003594683088921919,0.00016183864773287345
Global Average,0.00017538921616721748,0.0005652300762643299,0.00023854774964905602,0.00022433885378868773,8.955392841113279e-05,0.00011559043107830117,0.00010316878637230802,0.00010451862020717581,0.000149907787650293,9.343934378648139e-05,9.343934378648139e-05,0.0001373210910962717,8.888798105121667e-05,0.0003594683088921919,0.00016183864773287345
