Region,bulk_carrier_capesize_ice,bulk_carrier_handy_ice,bulk_carrier_ice,bulk_carrier_panamax_ice,container_15000_teu_ice,container_3500_teu_ice,container_8000_teu_ice,container_ice,fleet,gas_carrier_100k_cbm_ice,gas_carrier_ice,tanker_100k_dwt_ice,tanker_300k_dwt_ice,tanker_35k_dwt_ice,tanker_ice
Global,0.00043530109562756096,0.0017982304344889208,0.00077947200457254,0.000810536115843609,0.0001710024992770109,0.0005027751180184677,0.00025668742808624025,0.0003308900301223685,0.0006760620334460006,0.0015354913893623682,0.0015354913893623682,0.0006994220667910892,0.0002133334496550043,0.00284861241693587,0.0009335570796085972
Global Average,0.00043530109562756096,0.0017982304344889208,0.00077947200457254,0.000810536115843609,0.0001710024992770109,0.0005027751180184677,0.00025668742808624025,0.0003308900301223685,0.0006760620334460006,0.0015354913893623682,0.0015354913893623682,0.0006994220667910892,0.0002133334496550043,0.00284861241693587,0.0009335570796085972
