Region,bulk_carrier_capesize_ice,bulk_carrier_handy_ice,bulk_carrier_ice,bulk_carrier_panamax_ice,container_15000_teu_ice,container_3500_teu_ice,container_8000_teu_ice,container_ice,fleet,gas_carrier_100k_cbm_ice,gas_carrier_ice,tanker_100k_dwt_ice,tanker_300k_dwt_ice,tanker_35k_dwt_ice,tanker_ice
Global,0.0004834530238852941,0.0029649456620319875,0.0008383810181266857,0.000782294988436123,0.00013338366284520358,0.0004091508690569652,0.00020676733430532464,0.00026737610549340714,0.0006026223576019362,0.0007188071367556154,0.0007188071367556154,0.0006598143565056798,0.00019317555560287327,0.0030510192916201892,0.0008973984661563641
Global Average,0.0004834530238852941,0.0029649456620319875,0.0008383810181266857,0.000782294988436123,0.00013338366284520358,0.0004091508690569652,0.00020676733430532464,0.00026737610549340714,0.0006026223576019362,0.0007188071367556154,0.0007188071367556154,0.0006598143565056798,0.00019317555560287327,0.0030510192916201892,0.0008973984661563641
