Region,bulk_carrier_capesize_ice,bulk_carrier_handy_ice,bulk_carrier_ice,bulk_carrier_panamax_ice,container_15000_teu_ice,container_3500_teu_ice,container_8000_teu_ice,container_ice,fleet,gas_carrier_100k_cbm_ice,gas_carrier_ice,tanker_100k_dwt_ice,tanker_300k_dwt_ice,tanker_35k_dwt_ice,tanker_ice
Global,52.41183566628968,60.77878330205227,56.469084055486356,57.44601999124769,51.00870344529353,53.804787657434964,48.62523729601418,51.24030745794766,50.64552388095333,57.23563882920035,57.23563882920035,45.95657835203848,46.3925594684357,43.658679098475844,44.96842749931449
Global Average,52.41183566628968,60.77878330205227,56.469084055486356,57.44601999124769,51.00870344529353,53.804787657434964,48.62523729601418,51.24030745794766,50.64552388095333,57.23563882920035,57.23563882920035,45.95657835203848,46.3925594684357,43.658679098475844,44.96842749931449
