Region,bulk_carrier_capesize_ice,bulk_carrier_handy_ice,bulk_carrier_ice,bulk_carrier_panamax_ice,container_15000_teu_ice,container_3500_teu_ice,container_8000_teu_ice,container_ice,fleet,gas_carrier_100k_cbm_ice,gas_carrier_ice,tanker_100k_dwt_ice,tanker_300k_dwt_ice,tanker_35k_dwt_ice,tanker_ice
Global,0.0038750321636320615,0.00902850006344646,0.005085364603753231,0.005108936461668066,0.0024701291371231294,0.0041366628399978015,0.003944362878786671,0.0036387845287926047,0.004972311688767968,0.013788120834756824,0.013788120834756824,0.005133071628357953,0.002503212966220526,0.012637660121623796,0.005580621253990116
Global Average,0.0038750321636320615,0.00902850006344646,0.005085364603753231,0.005108936461668066,0.0024701291371231294,0.0041366628399978015,0.003944362878786671,0.0036387845287926047,0.004972311688767968,0.013788120834756824,0.013788120834756824,0.005133071628357953,0.002503212966220526,0.012637660121623796,0.005580621253990116
