Region,bulk_carrier_capesize_ice,bulk_carrier_handy_ice,bulk_carrier_ice,bulk_carrier_panamax_ice,container_15000_teu_ice,container_3500_teu_ice,container_8000_teu_ice,container_ice,fleet,gas_carrier_100k_cbm_ice,gas_carrier_ice,tanker_100k_dwt_ice,tanker_300k_dwt_ice,tanker_35k_dwt_ice,tanker_ice
Global,0.0004935372307043732,0.0015529281557193563,0.0007502055240301747,0.000763252589274195,0.0003650540251082304,0.0006136455830104133,0.0004536847460189893,0.0004934068214266051,0.0007186304280149444,0.00276901019419473,0.00276901019419473,0.0006943350640112716,0.0003172691994205004,0.001701843454273488,0.0007449183075735403
Global Average,0.0004935372307043732,0.0015529281557193563,0.0007502055240301747,0.000763252589274195,0.0003650540251082304,0.0006136455830104133,0.0004536847460189893,0.0004934068214266051,0.0007186304280149444,0.00276901019419473,0.00276901019419473,0.0006943350640112716,0.0003172691994205004,0.001701843454273488,0.0007449183075735403
