Region,bulk_carrier_capesize_ice,bulk_carrier_handy_ice,bulk_carrier_ice,bulk_carrier_panamax_ice,container_15000_teu_ice,container_3500_teu_ice,container_8000_teu_ice,container_ice,fleet,gas_carrier_100k_cbm_ice,gas_carrier_ice,tanker_100k_dwt_ice,tanker_300k_dwt_ice,tanker_35k_dwt_ice,tanker_ice
Global,6.310563013025454,2.2517412721939496,3.4478568790904633,3.121095819976043,12.623316546276621,4.532322997065668,11.253458827236567,7.0358711961017,4.570204596731179,4.773108025457239,4.773108025457239,4.7612677844961375,8.209160556143273,2.843860082386653,4.171403012805704
Global Average,6.310563013025454,2.2517412721939496,3.4478568790904633,3.121095819976043,12.623316546276621,4.532322997065668,11.253458827236567,7.0358711961017,4.570204596731179,4.773108025457239,4.773108025457239,4.7612677844961375,8.209160556143273,2.843860082386653,4.171403012805704
