Region,bulk_carrier_capesize_ice,bulk_carrier_handy_ice,bulk_carrier_ice,bulk_carrier_panamax_ice,container_15000_teu_ice,container_3500_teu_ice,container_8000_teu_ice,container_ice,fleet,gas_carrier_100k_cbm_ice,gas_carrier_ice,tanker_100k_dwt_ice,tanker_300k_dwt_ice,tanker_35k_dwt_ice,tanker_ice
Global,0.0034275226717920032,0.00966442483848022,0.003975460545774976,0.0035477128579787464,0.0016351024103397175,0.0025497892340403147,0.0027715617741381243,0.002389106971919254,0.0032996158888260346,0.00451661473348199,0.00451661473348199,0.0036266461684027573,0.0018910362437819924,0.008860142551530528,0.0038551600842074833
Global Average,0.0034275226717920032,0.00966442483848022,0.003975460545774976,0.0035477128579787464,0.0016351024103397175,0.0025497892340403147,0.0027715617741381243,0.002389106971919254,0.0032996158888260346,0.00451661473348199,0.00451661473348199,0.0036266461684027573,0.0018910362437819924,0.008860142551530528,0.0038551600842074833
