Region,bulk_carrier_capesize_ice,bulk_carrier_handy_ice,bulk_carrier_ice,bulk_carrier_panamax_ice,container_15000_teu_ice,container_3500_teu_ice,container_8000_teu_ice,container_ice,fleet,gas_carrier_100k_cbm_ice,gas_carrier_ice,tanker_100k_dwt_ice,tanker_300k_dwt_ice,tanker_35k_dwt_ice,tanker_ice
Global,6.986694764421037e-05,0.0001315689237549618,8.411530363417235e-05,8.423602696924589e-05,4.594419130651174e-05,7.069703594366473e-05,7.679703220075318e-05,6.64266717874655e-05,7.937446884685666e-05,0.00022304243109613265,0.00022304243109613262,7.700321972456716e-05,4.3912493768575915e-05,0.00013542190868507872,7.537012592228118e-05
Global Average,6.986694764421037e-05,0.0001315689237549618,8.411530363417235e-05,8.423602696924589e-05,4.594419130651174e-05,7.069703594366473e-05,7.679703220075318e-05,6.64266717874655e-05,7.937446884685666e-05,0.00022304243109613265,0.00022304243109613262,7.700321972456716e-05,4.3912493768575915e-05,0.00013542190868507872,7.537012592228118e-05
