Region,bulk_carrier_capesize_ice,bulk_carrier_handy_ice,bulk_carrier_ice,bulk_carrier_panamax_ice,container_15000_teu_ice,container_3500_teu_ice,container_8000_teu_ice,container_ice,fleet,gas_carrier_100k_cbm_ice,gas_carrier_ice,tanker_100k_dwt_ice,tanker_300k_dwt_ice,tanker_35k_dwt_ice,tanker_ice
Global,40.082796989836275,38.51014276025113,39.754778814021975,40.03569319342041,40.19162238764062,39.48695786941908,40.04483909851049,39.83425818152385,36.63509080719947,39.46111583029514,39.46111583029514,33.622971297708695,36.7576316519146,28.102290914511247,31.608195842876263
Global Average,40.082796989836275,38.51014276025113,39.754778814021975,40.03569319342041,40.19162238764062,39.48695786941908,40.04483909851049,39.83425818152385,36.63509080719947,39.46111583029514,39.46111583029514,33.622971297708695,36.7576316519146,28.102290914511247,31.608195842876263
