Region,bulk_carrier_capesize_ice,bulk_carrier_handy_ice,bulk_carrier_ice,bulk_carrier_panamax_ice,container_15000_teu_ice,container_3500_teu_ice,container_8000_teu_ice,container_ice,fleet,gas_carrier_100k_cbm_ice,gas_carrier_ice,tanker_100k_dwt_ice,tanker_300k_dwt_ice,tanker_35k_dwt_ice,tanker_ice
Global,0.0002879652570995701,0.0009197223594238953,0.00043665064545075655,0.00043986603865160857,0.00019245363039965238,0.0003046921623883154,0.0002238595273481203,0.0002473892408648555,0.000441036358961745,0.002378257374063767,0.002378257374063767,0.0004507665094404017,0.0001960875155091104,0.0010624213819214706,0.00047127642966603004
Global Average,0.0002879652570995701,0.0009197223594238953,0.00043665064545075655,0.00043986603865160857,0.00019245363039965238,0.0003046921623883154,0.0002238595273481203,0.0002473892408648555,0.000441036358961745,0.002378257374063767,0.002378257374063767,0.0004507665094404017,0.0001960875155091104,0.0010624213819214706,0.00047127642966603004
