Region,bulk_carrier_capesize_ice,bulk_carrier_handy_ice,bulk_carrier_ice,bulk_carrier_panamax_ice,container_15000_teu_ice,container_3500_teu_ice,container_8000_teu_ice,container_ice,fleet,gas_carrier_100k_cbm_ice,gas_carrier_ice,tanker_100k_dwt_ice,tanker_300k_dwt_ice,tanker_35k_dwt_ice,tanker_ice
Global,0.9324184074518358,0.8669398664148316,0.9184401271940591,0.9297930450160296,0.93643932905176,0.9081912162463197,0.9311243086472208,0.9223412155445327,0.7962219328343952,0.9089448298069552,0.9089448298069552,0.6796230343091992,0.8039540769936845,0.45748875036684145,0.5982456142795116
Global Average,0.9324184074518358,0.8669398664148316,0.9184401271940591,0.9297930450160296,0.93643932905176,0.9081912162463197,0.9311243086472208,0.9223412155445327,0.7962219328343952,0.9089448298069552,0.9089448298069552,0.6796230343091992,0.8039540769936845,0.45748875036684145,0.5982456142795116
