Region,bulk_carrier_capesize_ice,bulk_carrier_handy_ice,bulk_carrier_ice,bulk_carrier_panamax_ice,container_15000_teu_ice,container_3500_teu_ice,container_8000_teu_ice,container_ice,fleet,gas_carrier_100k_cbm_ice,gas_carrier_ice,tanker_100k_dwt_ice,tanker_300k_dwt_ice,tanker_35k_dwt_ice,tanker_ice
Global,3.894880634631192,6.1914609944786925,4.848671417314495,4.9459517532541515,3.9742092882881743,3.963073069352858,2.759690974889293,3.4836634770208894,4.492179663761236,9.872344588224442,9.872344588224442,4.0357290740163645,3.6341301547384166,3.67029289712445,3.797527012681622
Global Average,3.894880634631192,6.1914609944786925,4.848671417314495,4.9459517532541515,3.9742092882881743,3.963073069352858,2.759690974889293,3.4836634770208894,4.492179663761236,9.872344588224442,9.872344588224442,4.0357290740163645,3.6341301547384166,3.67029289712445,3.797527012681622
