Region,bulk_carrier_capesize_ice,bulk_carrier_handy_ice,bulk_carrier_ice,bulk_carrier_panamax_ice,container_15000_teu_ice,container_3500_teu_ice,container_8000_teu_ice,container_ice,fleet,gas_carrier_100k_cbm_ice,gas_carrier_ice,tanker_100k_dwt_ice,tanker_300k_dwt_ice,tanker_35k_dwt_ice,tanker_ice
Global,0.006110083397602872,0.02026568935380358,0.007742217112322842,0.007038918979214172,0.005210083693922205,0.008722932710408226,0.008449494690795561,0.007715811028382588,0.0076452735747598085,0.015306167121079099,0.015306167121079099,0.005946826957733378,0.0028644441757026337,0.016500009460785874,0.006579992454498664
Global Average,0.006110083397602872,0.02026568935380358,0.007742217112322842,0.007038918979214172,0.005210083693922205,0.008722932710408226,0.008449494690795561,0.007715811028382588,0.0076452735747598085,0.015306167121079099,0.015306167121079099,0.005946826957733378,0.0028644441757026337,0.016500009460785874,0.006579992454498664
