Region,bulk_carrier_capesize_ice,bulk_carrier_handy_ice,bulk_carrier_ice,bulk_carrier_panamax_ice,container_15000_teu_ice,container_3500_teu_ice,container_8000_teu_ice,container_ice,fleet,gas_carrier_100k_cbm_ice,gas_carrier_ice,tanker_100k_dwt_ice,tanker_300k_dwt_ice,tanker_35k_dwt_ice,tanker_ice
Global,6.675349039329787,10.454126731665848,8.330458501261441,8.582182188169417,7.53844494541026,7.9815715149788975,5.592925679176186,6.948011631822816,7.319616464475617,11.494392113956161,11.494392113956161,6.216407266853062,5.880015164607395,5.879271679322637,6.002522547661164
Global Average,6.675349039329787,10.454126731665848,8.330458501261441,8.582182188169417,7.53844494541026,7.9815715149788975,5.592925679176186,6.948011631822816,7.319616464475617,11.494392113956161,11.494392113956161,6.216407266853062,5.880015164607395,5.879271679322637,6.002522547661164
