Region,bulk_carrier_capesize_ice,bulk_carrier_handy_ice,bulk_carrier_ice,bulk_carrier_panamax_ice,container_15000_teu_ice,container_3500_teu_ice,container_8000_teu_ice,container_ice,fleet,gas_carrier_100k_cbm_ice,gas_carrier_ice,tanker_100k_dwt_ice,tanker_300k_dwt_ice,tanker_35k_dwt_ice,tanker_ice
Global,0.0031128339112262544,0.006971860178139037,0.0034831849097927995,0.0031273041549010395,0.0014516195895005212,0.0022627881798491403,0.002431362095070163,0.002111902808444222,0.0029338087982763656,0.004144413664866377,0.004144413664866377,0.003322325809946549,0.0017509337583628843,0.007254635088415294,0.0034728398827175364
Global Average,0.0031128339112262544,0.006971860178139037,0.0034831849097927995,0.0031273041549010395,0.0014516195895005212,0.0022627881798491403,0.002431362095070163,0.002111902808444222,0.0029338087982763656,0.004144413664866377,0.004144413664866377,0.003322325809946549,0.0017509337583628843,0.007254635088415294,0.0034728398827175364
