Region,bulk_carrier_capesize_ice,bulk_carrier_handy_ice,bulk_carrier_ice,bulk_carrier_panamax_ice,container_15000_teu_ice,container_3500_teu_ice,container_8000_teu_ice,container_ice,fleet,gas_carrier_100k_cbm_ice,gas_carrier_ice,tanker_100k_dwt_ice,tanker_300k_dwt_ice,tanker_35k_dwt_ice,tanker_ice
Global,0.0030034399324823094,0.005844393865020086,0.003640939884744674,0.0036270950289967745,0.001971907341575116,0.0030738140050929033,0.003302807980805763,0.0028688484798535924,0.00365211099325824,0.009683209497351348,0.009683209497351348,0.0038095781277659863,0.002007725711023403,0.008318599902215852,0.003982166595107952
Global Average,0.0030034399324823094,0.005844393865020086,0.003640939884744674,0.0036270950289967745,0.001971907341575116,0.0030738140050929033,0.003302807980805763,0.0028688484798535924,0.00365211099325824,0.009683209497351348,0.009683209497351348,0.0038095781277659863,0.002007725711023403,0.008318599902215852,0.003982166595107952
