Region,bulk_carrier_capesize_ice,bulk_carrier_handy_ice,bulk_carrier_ice,bulk_carrier_panamax_ice,container_15000_teu_ice,container_3500_teu_ice,container_8000_teu_ice,container_ice,fleet,gas_carrier_100k_cbm_ice,gas_carrier_ice,tanker_100k_dwt_ice,tanker_300k_dwt_ice,tanker_35k_dwt_ice,tanker_ice
Global,8.901307301789993,4.9075568059588965,6.058855398946623,5.715538662707131,19.698653474698208,5.93672858185814,11.92015066789114,8.81936454957773,6.302662722891968,2.6704712836187396,2.6704712836187396,5.630431708955151,10.907625600950205,5.092103030967285,5.971292221488765
Global Average,8.901307301789993,4.9075568059588965,6.058855398946623,5.715538662707131,19.698653474698208,5.93672858185814,11.92015066789114,8.81936454957773,6.302662722891968,2.6704712836187396,2.6704712836187396,5.630431708955151,10.907625600950205,5.092103030967285,5.971292221488765
