Region,bulk_carrier_capesize_ice,bulk_carrier_handy_ice,bulk_carrier_ice,bulk_carrier_panamax_ice,container_15000_teu_ice,container_3500_teu_ice,container_8000_teu_ice,container_ice,fleet,gas_carrier_100k_cbm_ice,gas_carrier_ice,tanker_100k_dwt_ice,tanker_300k_dwt_ice,tanker_35k_dwt_ice,tanker_ice
Global,7.973209134950678e-05,0.0002175654146651516,9.184361222074522e-05,8.239244728762905e-05,3.809684986840178e-05,5.864458318852288e-05,6.444447271891815e-05,5.531851047669304e-05,7.17133896143052e-05,0.00010403541622805826,0.00010403541622805826,7.330560560849893e-05,4.136028981214755e-05,0.00014423790417309742,7.29662845733839e-05
Global Average,7.973209134950678e-05,0.0002175654146651516,9.184361222074522e-05,8.239244728762905e-05,3.809684986840178e-05,5.864458318852288e-05,6.444447271891815e-05,5.531851047669304e-05,7.17133896143052e-05,0.00010403541622805826,0.00010403541622805826,7.330560560849893e-05,4.136028981214755e-05,0.00014423790417309742,7.29662845733839e-05
