Region,bulk_carrier_capesize_ice,bulk_carrier_handy_ice,bulk_carrier_ice,bulk_carrier_panamax_ice,container_15000_teu_ice,container_3500_teu_ice,container_8000_teu_ice,container_ice,fleet,gas_carrier_100k_cbm_ice,gas_carrier_ice,tanker_100k_dwt_ice,tanker_300k_dwt_ice,tanker_35k_dwt_ice,tanker_ice
Global,0.0007141598523485324,0.002573889544313826,0.001014199004322737,0.0009405175803074936,0.0006835810961897311,0.0011483377137575922,0.0008525760545638744,0.0009248445134762089,0.0009883647335022269,0.0028205641057593043,0.002820564105759304,0.0007395292670114127,0.0003372177428334365,0.0018272886319967239,0.0007940148579535894
Global Average,0.0007141598523485324,0.002573889544313826,0.001014199004322737,0.0009405175803074936,0.0006835810961897311,0.0011483377137575922,0.0008525760545638744,0.0009248445134762089,0.0009883647335022269,0.0028205641057593043,0.002820564105759304,0.0007395292670114127,0.0003372177428334365,0.0018272886319967239,0.0007940148579535894
