Region,bulk_carrier_capesize_ice,bulk_carrier_handy_ice,bulk_carrier_ice,bulk_carrier_panamax_ice,container_15000_teu_ice,container_3500_teu_ice,container_8000_teu_ice,container_ice,fleet,gas_carrier_100k_cbm_ice,gas_carrier_ice,tanker_100k_dwt_ice,tanker_300k_dwt_ice,tanker_35k_dwt_ice,tanker_ice
Global,0.0004717798977479337,0.0029594012935498354,0.0008126143981529119,0.0007516603451921566,0.00013338366284520358,0.0004091508690569652,0.00020676733430532464,0.00026737610549340714,0.000597678139152575,0.0007188071367556154,0.0007188071367556154,0.0006569667163221637,0.00019194140407601833,0.003051019291620188,0.0008934550295334692
Global Average,0.0004717798977479337,0.0029594012935498354,0.0008126143981529119,0.0007516603451921566,0.00013338366284520358,0.0004091508690569652,0.00020676733430532464,0.00026737610549340714,0.000597678139152575,0.0007188071367556154,0.0007188071367556154,0.0006569667163221637,0.00019194140407601833,0.003051019291620188,0.0008934550295334692
