Region,bulk_carrier_capesize_ice,bulk_carrier_handy_ice,bulk_carrier_ice,bulk_carrier_panamax_ice,container_15000_teu_ice,container_3500_teu_ice,container_8000_teu_ice,container_ice,fleet,gas_carrier_100k_cbm_ice,gas_carrier_ice,tanker_100k_dwt_ice,tanker_300k_dwt_ice,tanker_35k_dwt_ice,tanker_ice
Global,0.003927265859584366,0.009223937456304126,0.005171718885783413,0.005204410288071314,0.002502621960315119,0.004188367976824002,0.004010499865282849,0.0036903079125531826,0.0050487953066190765,0.014044830457439681,0.01404483045743968,0.005207010830979726,0.0025339917252288203,0.012923468936545623,0.005665358779490811
Global Average,0.003927265859584366,0.009223937456304126,0.005171718885783413,0.005204410288071314,0.002502621960315119,0.004188367976824002,0.004010499865282849,0.0036903079125531826,0.0050487953066190765,0.014044830457439681,0.01404483045743968,0.005207010830979726,0.0025339917252288203,0.012923468936545623,0.005665358779490811
