Region,bulk_carrier_capesize_ice,bulk_carrier_handy_ice,bulk_carrier_ice,bulk_carrier_panamax_ice,container_15000_teu_ice,container_3500_teu_ice,container_8000_teu_ice,container_ice,fleet,gas_carrier_100k_cbm_ice,gas_carrier_ice,tanker_100k_dwt_ice,tanker_300k_dwt_ice,tanker_35k_dwt_ice,tanker_ice
Global,0.0675815925481642,0.13306013358516855,0.0815598728059409,0.07020695498397043,0.06356067094824,0.09180878375368036,0.0688756913527792,0.07765878445546728,0.20377806716560473,0.0910551701930448,0.0910551701930448,0.3203769656908007,0.19604592300631551,0.5425112496331584,0.40175438572048844
Global Average,0.0675815925481642,0.13306013358516855,0.0815598728059409,0.07020695498397043,0.06356067094824,0.09180878375368036,0.0688756913527792,0.07765878445546728,0.20377806716560473,0.0910551701930448,0.0910551701930448,0.3203769656908007,0.19604592300631551,0.5425112496331584,0.40175438572048844
