Region,bulk_carrier_capesize_ice,bulk_carrier_handy_ice,bulk_carrier_ice,bulk_carrier_panamax_ice,container_15000_teu_ice,container_3500_teu_ice,container_8000_teu_ice,container_ice,fleet,gas_carrier_100k_cbm_ice,gas_carrier_ice,tanker_100k_dwt_ice,tanker_300k_dwt_ice,tanker_35k_dwt_ice,tanker_ice
Global,0.3288035774875856,0.4723629546519614,0.4034894804513248,0.4256732573774444,0.3653277998584002,0.2974018375771506,0.2465717922819374,0.28903540131230904,0.2817633313705494,0.1271347229859036,0.1271347229859036,0.20092185819557817,0.2670562359035057,0.24574836154611823,0.23304505139551096
Global Average,0.3288035774875856,0.4723629546519614,0.4034894804513248,0.4256732573774444,0.3653277998584002,0.2974018375771506,0.2465717922819374,0.28903540131230904,0.2817633313705494,0.1271347229859036,0.1271347229859036,0.20092185819557817,0.2670562359035057,0.24574836154611823,0.23304505139551096
