Region,bulk_carrier_capesize_ice,bulk_carrier_handy_ice,bulk_carrier_ice,bulk_carrier_panamax_ice,container_15000_teu_ice,container_3500_teu_ice,container_8000_teu_ice,container_ice,fleet,gas_carrier_100k_cbm_ice,gas_carrier_ice,tanker_100k_dwt_ice,tanker_300k_dwt_ice,tanker_35k_dwt_ice,tanker_ice
Global,0.004070308253513688,0.01100336557091893,0.004947638178847459,0.004487275295402692,0.0018423051560859747,0.0030832670861389885,0.0029523294758279695,0.0027166201698260255,0.004055791326878794,0.006011187435784183,0.006011187435784183,0.004541024201695498,0.0022098893443237024,0.011270532579182601,0.0049407485722696804
Global Average,0.004070308253513688,0.01100336557091893,0.004947638178847459,0.004487275295402692,0.0018423051560859747,0.0030832670861389885,0.0029523294758279695,0.0027166201698260255,0.004055791326878794,0.006011187435784183,0.006011187435784183,0.004541024201695498,0.0022098893443237024,0.011270532579182601,0.0049407485722696804
