Region,bulk_carrier_capesize_ice,bulk_carrier_handy_ice,bulk_carrier_ice,bulk_carrier_panamax_ice,container_15000_teu_ice,container_3500_teu_ice,container_8000_teu_ice,container_ice,fleet,gas_carrier_100k_cbm_ice,gas_carrier_ice,tanker_100k_dwt_ice,tanker_300k_dwt_ice,tanker_35k_dwt_ice,tanker_ice
Global,0.005607261672793523,0.014964222155774457,0.006874878353384624,0.00629548412464879,0.004625434777179106,0.00774109042709178,0.007412348267101293,0.00682055812979178,0.006838643794605592,0.014044830457439681,0.01404483045743968,0.005467182770385065,0.002660604394760337,0.013569199104238226,0.005948432394839879
Global Average,0.005607261672793523,0.014964222155774457,0.006874878353384624,0.00629548412464879,0.004625434777179106,0.00774109042709178,0.007412348267101293,0.00682055812979178,0.006838643794605592,0.014044830457439681,0.01404483045743968,0.005467182770385065,0.002660604394760337,0.013569199104238226,0.005948432394839879
