Region,bulk_carrier_capesize_ice,bulk_carrier_handy_ice,bulk_carrier_ice,bulk_carrier_panamax_ice,container_15000_teu_ice,container_3500_teu_ice,container_8000_teu_ice,container_ice,fleet,gas_carrier_100k_cbm_ice,gas_carrier_ice,tanker_100k_dwt_ice,tanker_300k_dwt_ice,tanker_35k_dwt_ice,tanker_ice
Global,0.00012227014062745194,0.0005944630861143883,0.00018104158120732224,0.0001646284081027714,8.555257651371053e-05,0.0001826698345050057,0.00012782993520571084,0.00013843743079226743,0.00015448278937853143,0.00012744924707287842,0.00012744924707287842,0.00014788418385335133,6.0198930733057155e-05,0.0004381842708374376,0.0001637641222397721
Global Average,0.00012227014062745194,0.0005944630861143883,0.00018104158120732224,0.0001646284081027714,8.555257651371053e-05,0.0001826698345050057,0.00012782993520571084,0.00013843743079226743,0.00015448278937853143,0.00012744924707287842,0.00012744924707287842,0.00014788418385335133,6.0198930733057155e-05,0.0004381842708374376,0.0001637641222397721
