Region,bulk_carrier_capesize_ice,bulk_carrier_handy_ice,bulk_carrier_ice,bulk_carrier_panamax_ice,container_15000_teu_ice,container_3500_teu_ice,container_8000_teu_ice,container_ice,fleet,gas_carrier_100k_cbm_ice,gas_carrier_ice,tanker_100k_dwt_ice,tanker_300k_dwt_ice,tanker_35k_dwt_ice,tanker_ice
Global,0.000557033669929044,0.0026186398077663714,0.0008074396790770189,0.0007307182099174295,0.00030668404926704324,0.0005153935936750714,0.0003870945511821723,0.00041671525436523017,0.000653847654669206,0.0013156176575842484,0.0013156176575842484,0.0006676212664798853,0.00030057113741589173,0.001853627710866674,0.0007288931759613035
Global Average,0.000557033669929044,0.0026186398077663714,0.0008074396790770189,0.0007307182099174295,0.00030668404926704324,0.0005153935936750714,0.0003870945511821723,0.00041671525436523017,0.000653847654669206,0.0013156176575842484,0.0013156176575842484,0.0006676212664798853,0.00030057113741589173,0.001853627710866674,0.0007288931759613035
