Region,bulk_carrier_capesize_ice,bulk_carrier_handy_ice,bulk_carrier_ice,bulk_carrier_panamax_ice,container_15000_teu_ice,container_3500_teu_ice,container_8000_teu_ice,container_ice,fleet,gas_carrier_100k_cbm_ice,gas_carrier_ice,tanker_100k_dwt_ice,tanker_300k_dwt_ice,tanker_35k_dwt_ice,tanker_ice
Global,1.3152143099503422,1.8894518186078457,1.613957921805299,1.7026930295097766,1.461311199433601,1.1896073503086024,0.9862871691277502,1.1561416052492361,1.0980511241911726,0.5085388919436142,0.5085388919436142,0.8036874327823125,1.0682249436140225,0.8191612051537274,0.8563783868689954
Global Average,1.3152143099503422,1.8894518186078457,1.613957921805299,1.7026930295097766,1.461311199433601,1.1896073503086024,0.9862871691277502,1.1561416052492361,1.0980511241911726,0.5085388919436142,0.5085388919436142,0.8036874327823125,1.0682249436140225,0.8191612051537274,0.8563783868689954
