Region,bulk_carrier_capesize_ice,bulk_carrier_handy_ice,bulk_carrier_ice,bulk_carrier_panamax_ice,container_15000_teu_ice,container_3500_teu_ice,container_8000_teu_ice,container_ice,fleet,gas_carrier_100k_cbm_ice,gas_carrier_ice,tanker_100k_dwt_ice,tanker_300k_dwt_ice,tanker_35k_dwt_ice,tanker_ice
Global,0.003927265859584366,0.010761260365688148,0.004713231338576676,0.0042197921254632275,0.0018423051560859747,0.0030832670861389885,0.0029523294758279695,0.0027166201698260255,0.003982387420641229,0.006011187435784183,0.006011187435784183,0.004425959206332767,0.002153892966444497,0.01098494859606378,0.004815554962567189
Global Average,0.003927265859584366,0.010761260365688148,0.004713231338576676,0.0042197921254632275,0.0018423051560859747,0.0030832670861389885,0.0029523294758279695,0.0027166201698260255,0.003982387420641229,0.006011187435784183,0.006011187435784183,0.004425959206332767,0.002153892966444497,0.01098494859606378,0.004815554962567189
