Region,bulk_carrier_capesize_ice,bulk_carrier_handy_ice,bulk_carrier_ice,bulk_carrier_panamax_ice,container_15000_teu_ice,container_3500_teu_ice,container_8000_teu_ice,container_ice,fleet,gas_carrier_100k_cbm_ice,gas_carrier_ice,tanker_100k_dwt_ice,tanker_300k_dwt_ice,tanker_35k_dwt_ice,tanker_ice
Global,0.0033447640530435904,0.009646352624490344,0.0038532796054996355,0.0034087845517224605,0.0016351024103397175,0.0025497892340403147,0.0027715617741381243,0.002389106971919254,0.003272544172107361,0.00451661473348199,0.00451661473348199,0.0036109942153060843,0.0018789548742716626,0.008860142551530524,0.003838219360508344
Global Average,0.0033447640530435904,0.009646352624490344,0.0038532796054996355,0.0034087845517224605,0.0016351024103397175,0.0025497892340403147,0.0027715617741381243,0.002389106971919254,0.003272544172107361,0.00451661473348199,0.00451661473348199,0.0036109942153060843,0.0018789548742716626,0.008860142551530524,0.003838219360508344
