Region,bulk_carrier_capesize_ice,bulk_carrier_handy_ice,bulk_carrier_ice,bulk_carrier_panamax_ice,container_15000_teu_ice,container_3500_teu_ice,container_8000_teu_ice,container_ice,fleet,gas_carrier_100k_cbm_ice,gas_carrier_ice,tanker_100k_dwt_ice,tanker_300k_dwt_ice,tanker_35k_dwt_ice,tanker_ice
Global,0.0003250136646131099,0.0015508905377303688,0.00046996329104256375,0.00042111632359167307,0.00016168143509610522,0.0002559073068978278,0.0001910022411532586,0.0002089368568844449,0.0004012780111851681,0.0011299623967286128,0.0011299623967286128,0.00043342375103561353,0.0001857673158229091,0.00115717677157774,0.0004611380470617099
Global Average,0.0003250136646131099,0.0015508905377303688,0.00046996329104256375,0.00042111632359167307,0.00016168143509610522,0.0002559073068978278,0.0001910022411532586,0.0002089368568844449,0.0004012780111851681,0.0011299623967286128,0.0011299623967286128,0.00043342375103561353,0.0001857673158229091,0.00115717677157774,0.0004611380470617099
