Region,bulk_carrier_capesize_ice,bulk_carrier_handy_ice,bulk_carrier_ice,bulk_carrier_panamax_ice,container_15000_teu_ice,container_3500_teu_ice,container_8000_teu_ice,container_ice,fleet,gas_carrier_100k_cbm_ice,gas_carrier_ice,tanker_100k_dwt_ice,tanker_300k_dwt_ice,tanker_35k_dwt_ice,tanker_ice
Global,0.004020910228807377,0.011259906166465253,0.004877210933901505,0.004399055010221084,0.0018127192678736984,0.0030575904367324924,0.0029604133980332442,0.002701385123537389,0.004049016160670336,0.006102007743361294,0.006102007743361294,0.004541804104933184,0.002206241704707456,0.011573445586513204,0.004963812049676453
Global Average,0.004020910228807377,0.011259906166465253,0.004877210933901505,0.004399055010221084,0.0018127192678736984,0.0030575904367324924,0.0029604133980332442,0.002701385123537389,0.004049016160670336,0.006102007743361294,0.006102007743361294,0.004541804104933184,0.002206241704707456,0.011573445586513204,0.004963812049676453
