Region,bulk_carrier_capesize_ice,bulk_carrier_handy_ice,bulk_carrier_ice,bulk_carrier_panamax_ice,container_15000_teu_ice,container_3500_teu_ice,container_8000_teu_ice,container_ice,fleet,gas_carrier_100k_cbm_ice,gas_carrier_ice,tanker_100k_dwt_ice,tanker_300k_dwt_ice,tanker_35k_dwt_ice,tanker_ice
Global,0.0029078582166472775,0.005541440362691459,0.003484964865304008,0.0034603878799352927,0.0018978367015529357,0.0029769643468232944,0.003227252697751841,0.0027854845129886177,0.003556683878182212,0.009656758578776344,0.009656758578776342,0.003741213819709318,0.0019807432267936456,0.008197634171378034,0.003916338267100557
Global Average,0.0029078582166472775,0.005541440362691459,0.003484964865304008,0.0034603878799352927,0.0018978367015529357,0.0029769643468232944,0.003227252697751841,0.0027854845129886177,0.003556683878182212,0.009656758578776344,0.009656758578776342,0.003741213819709318,0.0019807432267936456,0.008197634171378034,0.003916338267100557
