Region,bulk_carrier_capesize_ice,bulk_carrier_handy_ice,bulk_carrier_ice,bulk_carrier_panamax_ice,container_15000_teu_ice,container_3500_teu_ice,container_8000_teu_ice,container_ice,fleet,gas_carrier_100k_cbm_ice,gas_carrier_ice,tanker_100k_dwt_ice,tanker_300k_dwt_ice,tanker_35k_dwt_ice,tanker_ice
Global,0.00042917079751750027,0.0021057086368095755,0.0007207607073307287,0.0006765211413399101,0.00011260973086980839,0.0003533807920091314,0.00017465233212043838,0.0002286889505107666,0.0005262808519441365,0.0006537745162272995,0.0006537745162272995,0.0005962664653309068,0.00017412649169225566,0.0024745319486404486,0.0007985472555915466
Global Average,0.00042917079751750027,0.0021057086368095755,0.0007207607073307287,0.0006765211413399101,0.00011260973086980839,0.0003533807920091314,0.00017465233212043838,0.0002286889505107666,0.0005262808519441365,0.0006537745162272995,0.0006537745162272995,0.0005962664653309068,0.00017412649169225566,0.0024745319486404486,0.0007985472555915466
