Region,bulk_carrier_capesize_ice,bulk_carrier_handy_ice,bulk_carrier_ice,bulk_carrier_panamax_ice,container_15000_teu_ice,container_3500_teu_ice,container_8000_teu_ice,container_ice,fleet,gas_carrier_100k_cbm_ice,gas_carrier_ice,tanker_100k_dwt_ice,tanker_300k_dwt_ice,tanker_35k_dwt_ice,tanker_ice
Global,1.0632986837486247,1.5042622858877055,1.2983448210277708,1.3748053531426265,1.1857359731777521,0.9583169001110121,0.7987179694703237,0.9337538990350744,0.8735483487289741,0.41092915513515776,0.41092915513515776,0.6397789208490944,0.8625760741194018,0.6343197849494498,0.6748483969495392
Global Average,1.0632986837486247,1.5042622858877055,1.2983448210277708,1.3748053531426265,1.1857359731777521,0.9583169001110121,0.7987179694703237,0.9337538990350744,0.8735483487289741,0.41092915513515776,0.41092915513515776,0.6397789208490944,0.8625760741194018,0.6343197849494498,0.6748483969495392
