Region,bulk_carrier_capesize_ice,bulk_carrier_handy_ice,bulk_carrier_ice,bulk_carrier_panamax_ice,container_15000_teu_ice,container_3500_teu_ice,container_8000_teu_ice,container_ice,fleet,gas_carrier_100k_cbm_ice,gas_carrier_ice,tanker_100k_dwt_ice,tanker_300k_dwt_ice,tanker_35k_dwt_ice,tanker_ice
Global,9.430684228405859,5.994150494307222,6.719614820310815,6.198780053134326,26.722125945634414,13.199385198046865,21.33277092605833,16.60099642905719,9.483045617088099,5.662462362709801,5.662462362709801,9.247065926847108,11.377736565096717,8.453114305270363,9.08544111026896
Global Average,9.430684228405859,5.994150494307222,6.719614820310815,6.198780053134326,26.722125945634414,13.199385198046865,21.33277092605833,16.60099642905719,9.483045617088099,5.662462362709801,5.662462362709801,9.247065926847108,11.377736565096717,8.453114305270363,9.08544111026896
