Region,bulk_carrier_capesize_ice,bulk_carrier_handy_ice,bulk_carrier_ice,bulk_carrier_panamax_ice,container_15000_teu_ice,container_3500_teu_ice,container_8000_teu_ice,container_ice,fleet,gas_carrier_100k_cbm_ice,gas_carrier_ice,tanker_100k_dwt_ice,tanker_300k_dwt_ice,tanker_35k_dwt_ice,tanker_ice
Global,0.00041669242500353847,0.0015243871752046564,0.000590305770442748,0.0005420246824520537,0.00036037861408399433,0.0005701817316770577,0.0004206825869234883,0.00046370778062082324,0.0006065771311605979,0.002422536181919849,0.0024225361819198484,0.0004801068584869016,0.00020841666792293753,0.0011407338957648782,0.0005023376168281454
Global Average,0.00041669242500353847,0.0015243871752046564,0.000590305770442748,0.0005420246824520537,0.00036037861408399433,0.0005701817316770577,0.0004206825869234883,0.00046370778062082324,0.0006065771311605979,0.002422536181919849,0.0024225361819198484,0.0004801068584869016,0.00020841666792293753,0.0011407338957648782,0.0005023376168281454
