Region,bulk_carrier_capesize_ice,bulk_carrier_handy_ice,bulk_carrier_ice,bulk_carrier_panamax_ice,container_15000_teu_ice,container_3500_teu_ice,container_8000_teu_ice,container_ice,fleet,gas_carrier_100k_cbm_ice,gas_carrier_ice,tanker_100k_dwt_ice,tanker_300k_dwt_ice,tanker_35k_dwt_ice,tanker_ice
Global,0.26582467093715617,0.3760655714719264,0.3245862052569427,0.34370133828565663,0.29643399329443804,0.23957922502775308,0.19967949236758092,0.23343847475876867,0.22424602077263942,0.10273228878378944,0.10273228878378944,0.1599447302122736,0.21564401852985046,0.1902959354848349,0.1835971203510323
Global Average,0.26582467093715617,0.3760655714719264,0.3245862052569427,0.34370133828565663,0.29643399329443804,0.23957922502775308,0.19967949236758092,0.23343847475876867,0.22424602077263942,0.10273228878378944,0.10273228878378944,0.1599447302122736,0.21564401852985046,0.1902959354848349,0.1835971203510323
