Region,bulk_carrier_capesize_ice,bulk_carrier_handy_ice,bulk_carrier_ice,bulk_carrier_panamax_ice,container_15000_teu_ice,container_3500_teu_ice,container_8000_teu_ice,container_ice,fleet,gas_carrier_100k_cbm_ice,gas_carrier_ice,tanker_100k_dwt_ice,tanker_300k_dwt_ice,tanker_35k_dwt_ice,tanker_ice
Global,0.0038897539445800194,0.011069038912897008,0.004674061478105841,0.004172244475416302,0.0018127192678736984,0.0030575904367324924,0.0029604133980332442,0.002701385123537389,0.0039889330447454635,0.006102007743361294,0.006102007743361294,0.004454615242575492,0.0021624966905780607,0.011404675510787684,0.004871665587625919
Global Average,0.0038897539445800194,0.011069038912897008,0.004674061478105841,0.004172244475416302,0.0018127192678736984,0.0030575904367324924,0.0029604133980332442,0.002701385123537389,0.0039889330447454635,0.006102007743361294,0.006102007743361294,0.004454615242575492,0.0021624966905780607,0.011404675510787684,0.004871665587625919
