Region,bulk_carrier_capesize_ice,bulk_carrier_handy_ice,bulk_carrier_ice,bulk_carrier_panamax_ice,container_15000_teu_ice,container_3500_teu_ice,container_8000_teu_ice,container_ice,fleet,gas_carrier_100k_cbm_ice,gas_carrier_ice,tanker_100k_dwt_ice,tanker_300k_dwt_ice,tanker_35k_dwt_ice,tanker_ice
Global,6.662177177910299e-05,0.0003156740100930433,0.00010999858301372629,0.00010457406108608601,0.00010059952806739984,0.00022109978797022018,0.00015574859287165253,0.0001671042397968918,0.00012967847771094162,0.00014574110122392002,0.00014574110122392002,0.00010178398318778368,3.0738886967572776e-05,0.00031203838445069307,0.000113952115326681
Global Average,6.662177177910299e-05,0.0003156740100930433,0.00010999858301372629,0.00010457406108608601,0.00010059952806739984,0.00022109978797022018,0.00015574859287165253,0.0001671042397968918,0.00012967847771094162,0.00014574110122392002,0.00014574110122392002,0.00010178398318778368,3.0738886967572776e-05,0.00031203838445069307,0.000113952115326681
