Region,bulk_carrier_capesize_ice,bulk_carrier_handy_ice,bulk_carrier_ice,bulk_carrier_panamax_ice,container_15000_teu_ice,container_3500_teu_ice,container_8000_teu_ice,container_ice,fleet,gas_carrier_100k_cbm_ice,gas_carrier_ice,tanker_100k_dwt_ice,tanker_300k_dwt_ice,tanker_35k_dwt_ice,tanker_ice
Global,0.00010441114681449344,0.0003502373647896369,0.00016393442672836032,0.00016730040788566833,9.725862946256063e-05,0.0002058894325017752,0.0001455813293397988,0.00015673239466760828,0.00016469978377888246,0.0002646010449864393,0.00026460104498643927,0.00014955131313789766,6.086186067361259e-05,0.00040252925263192205,0.0001641583990897733
Global Average,0.00010441114681449344,0.0003502373647896369,0.00016393442672836032,0.00016730040788566833,9.725862946256063e-05,0.0002058894325017752,0.0001455813293397988,0.00015673239466760828,0.00016469978377888246,0.0002646010449864393,0.00026460104498643927,0.00014955131313789766,6.086186067361259e-05,0.00040252925263192205,0.0001641583990897733
