Region,bulk_carrier_capesize_ice,bulk_carrier_handy_ice,bulk_carrier_ice,bulk_carrier_panamax_ice,container_15000_teu_ice,container_3500_teu_ice,container_8000_teu_ice,container_ice,fleet,gas_carrier_100k_cbm_ice,gas_carrier_ice,tanker_100k_dwt_ice,tanker_300k_dwt_ice,tanker_35k_dwt_ice,tanker_ice
Global,0.002915348101902027,0.006444974508476271,0.003180325321870356,0.0028097705221831176,0.0013940712251574536,0.0021849010041818167,0.002373994481086933,0.0020464425798955702,0.0028038364017194434,0.004123729327099577,0.004123729327099577,0.0031827848361359553,0.0016843111710693466,0.006941850808339062,0.003328132147534603
Global Average,0.002915348101902027,0.006444974508476271,0.003180325321870356,0.0028097705221831176,0.0013940712251574536,0.0021849010041818167,0.002373994481086933,0.0020464425798955702,0.0028038364017194434,0.004123729327099577,0.004123729327099577,0.0031827848361359553,0.0016843111710693466,0.006941850808339062,0.003328132147534603
