Region,bulk_carrier_capesize_ice,bulk_carrier_handy_ice,bulk_carrier_ice,bulk_carrier_panamax_ice,container_15000_teu_ice,container_3500_teu_ice,container_8000_teu_ice,container_ice,fleet,gas_carrier_100k_cbm_ice,gas_carrier_ice,tanker_100k_dwt_ice,tanker_300k_dwt_ice,tanker_35k_dwt_ice,tanker_ice
Global,0.03205572255610208,0.11022946433957544,0.04918908424669841,0.03628655529688605,0.028105607844131696,0.06037424037799308,0.03312889352779549,0.04378316955597965,0.1850688586947413,0.056680179664065244,0.056680179664065244,0.3102233358942368,0.17390298643218247,0.5432985197640514,0.3965855188209434
Global Average,0.03205572255610208,0.11022946433957544,0.04918908424669841,0.03628655529688605,0.028105607844131696,0.06037424037799308,0.03312889352779549,0.04378316955597965,0.1850688586947413,0.056680179664065244,0.056680179664065244,0.3102233358942368,0.17390298643218247,0.5432985197640514,0.3965855188209434
