Region,bulk_carrier_capesize_ice,bulk_carrier_handy_ice,bulk_carrier_ice,bulk_carrier_panamax_ice,container_15000_teu_ice,container_3500_teu_ice,container_8000_teu_ice,container_ice,fleet,gas_carrier_100k_cbm_ice,gas_carrier_ice,tanker_100k_dwt_ice,tanker_300k_dwt_ice,tanker_35k_dwt_ice,tanker_ice
Global,42.84968330977531,40.6847428542815,42.37507320639204,42.73226648948283,42.956587898378984,42.06646401341138,42.820863801189134,42.5252691746266,38.58788619031669,42.16926412389524,42.16926412389524,35.093693805421225,38.88768167397222,28.61145042634129,32.692256227683224
Global Average,42.84968330977531,40.6847428542815,42.37507320639204,42.73226648948283,42.956587898378984,42.06646401341138,42.820863801189134,42.5252691746266,38.58788619031669,42.16926412389524,42.16926412389524,35.093693805421225,38.88768167397222,28.61145042634129,32.692256227683224
