Region,bulk_carrier_capesize_ice,bulk_carrier_handy_ice,bulk_carrier_ice,bulk_carrier_panamax_ice,container_15000_teu_ice,container_3500_teu_ice,container_8000_teu_ice,container_ice,fleet,gas_carrier_100k_cbm_ice,gas_carrier_ice,tanker_100k_dwt_ice,tanker_300k_dwt_ice,tanker_35k_dwt_ice,tanker_ice
Global,0.002915348101902027,0.005524263864408231,0.0034896968445896613,0.003465383644025845,0.0018937325615125367,0.002968010601347303,0.0032248787354301873,0.0027799260747070165,0.003554650658084266,0.009634881605372842,0.009634881605372842,0.0037444527483952413,0.0019815425541992314,0.008166883303928308,0.003915449585334828
Global Average,0.002915348101902027,0.005524263864408231,0.0034896968445896613,0.003465383644025845,0.0018937325615125367,0.002968010601347303,0.0032248787354301873,0.0027799260747070165,0.003554650658084266,0.009634881605372842,0.009634881605372842,0.0037444527483952413,0.0019815425541992314,0.008166883303928308,0.003915449585334828
