Region,bulk_carrier_capesize_ice,bulk_carrier_handy_ice,bulk_carrier_ice,bulk_carrier_panamax_ice,container_15000_teu_ice,container_3500_teu_ice,container_8000_teu_ice,container_ice,fleet,gas_carrier_100k_cbm_ice,gas_carrier_ice,tanker_100k_dwt_ice,tanker_300k_dwt_ice,tanker_35k_dwt_ice,tanker_ice
Global,0.00030897274160053296,0.0012045406000224387,0.0004368274524666746,0.0003960608807506947,0.00014781299683168682,0.0002340585071836166,0.00017297726053549047,0.00019042128978142571,0.00036983793263060624,0.001060165702341907,0.001060165702341907,0.000406953719137263,0.0001762657575193067,0.00099207741080341,0.0004275518891862473
Global Average,0.00030897274160053296,0.0012045406000224387,0.0004368274524666746,0.0003960608807506947,0.00014781299683168682,0.0002340585071836166,0.00017297726053549047,0.00019042128978142571,0.00036983793263060624,0.001060165702341907,0.001060165702341907,0.000406953719137263,0.0001762657575193067,0.00099207741080341,0.0004275518891862473
