Region,bulk_carrier_capesize_ice,bulk_carrier_handy_ice,bulk_carrier_ice,bulk_carrier_panamax_ice,container_15000_teu_ice,container_3500_teu_ice,container_8000_teu_ice,container_ice,fleet,gas_carrier_100k_cbm_ice,gas_carrier_ice,tanker_100k_dwt_ice,tanker_300k_dwt_ice,tanker_35k_dwt_ice,tanker_ice
Global,6.086258064310622,13.000086650522137,9.148519997589045,9.675530627241526,3.469930169296316,6.8037317670828,3.150286904991115,4.752177888240324,7.111869738687968,6.685499475216916,6.685499475216916,6.407900762767633,3.9183945536029774,9.9405692312511,7.645370625919796
Global Average,6.086258064310622,13.000086650522137,9.148519997589045,9.675530627241526,3.469930169296316,6.8037317670828,3.150286904991115,4.752177888240324,7.111869738687968,6.685499475216916,6.685499475216916,6.407900762767633,3.9183945536029774,9.9405692312511,7.645370625919796
