Region,bulk_carrier_capesize_ice,bulk_carrier_handy_ice,bulk_carrier_ice,bulk_carrier_panamax_ice,container_15000_teu_ice,container_3500_teu_ice,container_8000_teu_ice,container_ice,fleet,gas_carrier_100k_cbm_ice,gas_carrier_ice,tanker_100k_dwt_ice,tanker_300k_dwt_ice,tanker_35k_dwt_ice,tanker_ice
Global,0.67296690059909,1.341190116516395,0.9803933150004714,1.0436846177247752,1.1989612820352586,1.6451270754328915,1.0838854437624754,1.3414727954234036,1.0128841896812757,0.623838218816674,0.623838218816674,0.8910560322506799,0.564688798961939,0.9959900317837497,0.8851788158928598
Global Average,0.67296690059909,1.341190116516395,0.9803933150004714,1.0436846177247752,1.1989612820352586,1.6451270754328915,1.0838854437624754,1.3414727954234036,1.0128841896812757,0.623838218816674,0.623838218816674,0.8910560322506799,0.564688798961939,0.9959900317837497,0.8851788158928598
