Region,bulk_carrier_capesize_ice,bulk_carrier_handy_ice,bulk_carrier_ice,bulk_carrier_panamax_ice,container_15000_teu_ice,container_3500_teu_ice,container_8000_teu_ice,container_ice,fleet,gas_carrier_100k_cbm_ice,gas_carrier_ice,tanker_100k_dwt_ice,tanker_300k_dwt_ice,tanker_35k_dwt_ice,tanker_ice
Global,0.0030215335211080255,0.006589972568467176,0.0033384949418572073,0.00298787558132593,0.0013940712251574536,0.0021849010041818167,0.002373994481086933,0.0020464425798955702,0.002855517095383383,0.004123729327099577,0.004123729327099577,0.0032655300909694273,0.0017280994772993705,0.007122323332786965,0.003414656105906089
Global Average,0.0030215335211080255,0.006589972568467176,0.0033384949418572073,0.00298787558132593,0.0013940712251574536,0.0021849010041818167,0.002373994481086933,0.0020464425798955702,0.002855517095383383,0.004123729327099577,0.004123729327099577,0.0032655300909694273,0.0017280994772993705,0.007122323332786965,0.003414656105906089
