Region,bulk_carrier_capesize_ice,bulk_carrier_handy_ice,bulk_carrier_ice,bulk_carrier_panamax_ice,container_15000_teu_ice,container_3500_teu_ice,container_8000_teu_ice,container_ice,fleet,gas_carrier_100k_cbm_ice,gas_carrier_ice,tanker_100k_dwt_ice,tanker_300k_dwt_ice,tanker_35k_dwt_ice,tanker_ice
Global,0.19699024028055237,0.25615668944771985,0.16604285401288377,0.109031092201119,0.3404275605427127,0.27308683612837714,0.36560025083960934,0.30315780975058815,0.9815989705109944,0.27713753607278807,0.27713753607278807,2.046668280397764,1.656567127608744,3.256674038675261,2.6287936924033177
Global Average,0.19699024028055237,0.25615668944771985,0.16604285401288377,0.109031092201119,0.3404275605427127,0.27308683612837714,0.36560025083960934,0.30315780975058815,0.9815989705109944,0.27713753607278807,0.27713753607278807,2.046668280397764,1.656567127608744,3.256674038675261,2.6287936924033177
