Region,bulk_carrier_capesize_ice,bulk_carrier_handy_ice,bulk_carrier_ice,bulk_carrier_panamax_ice,container_15000_teu_ice,container_3500_teu_ice,container_8000_teu_ice,container_ice,fleet,gas_carrier_100k_cbm_ice,gas_carrier_ice,tanker_100k_dwt_ice,tanker_300k_dwt_ice,tanker_35k_dwt_ice,tanker_ice
Global,0.0004383875857044841,0.0022628357942549356,0.000741124352466332,0.0006935386628669442,0.00011596328933669493,0.00036420429725819633,0.00018030171675173333,0.00023578017986307045,0.0005410499609949528,0.0006684788896904251,0.0006684788896904251,0.0006084953627850238,0.00017730056912351207,0.0025909799741664,0.0008182829960293392
Global Average,0.0004383875857044841,0.0022628357942549356,0.000741124352466332,0.0006935386628669442,0.00011596328933669493,0.00036420429725819633,0.00018030171675173333,0.00023578017986307045,0.0005410499609949528,0.0006684788896904251,0.0006684788896904251,0.0006084953627850238,0.00017730056912351207,0.0025909799741664,0.0008182829960293392
