Region,bulk_carrier_capesize_ice,bulk_carrier_handy_ice,bulk_carrier_ice,bulk_carrier_panamax_ice,container_15000_teu_ice,container_3500_teu_ice,container_8000_teu_ice,container_ice,fleet,gas_carrier_100k_cbm_ice,gas_carrier_ice,tanker_100k_dwt_ice,tanker_300k_dwt_ice,tanker_35k_dwt_ice,tanker_ice
Global,0.0004673974129154703,0.0014987663799452921,0.0007139524406837845,0.0007258287909841362,0.00034526343004324505,0.0005837600812159753,0.00043366560512162465,0.00046960220965512703,0.0006933862967727626,0.0027873413920374394,0.0027873413920374394,0.000674490544034382,0.0003031910809544889,0.0016763271203133628,0.000723579486230702
Global Average,0.0004673974129154703,0.0014987663799452921,0.0007139524406837845,0.0007258287909841362,0.00034526343004324505,0.0005837600812159753,0.00043366560512162465,0.00046960220965512703,0.0006933862967727626,0.0027873413920374394,0.0027873413920374394,0.000674490544034382,0.0003031910809544889,0.0016763271203133628,0.000723579486230702
