Region,bulk_carrier_capesize_ice,bulk_carrier_handy_ice,bulk_carrier_ice,bulk_carrier_panamax_ice,container_15000_teu_ice,container_3500_teu_ice,container_8000_teu_ice,container_ice,fleet,gas_carrier_100k_cbm_ice,gas_carrier_ice,tanker_100k_dwt_ice,tanker_300k_dwt_ice,tanker_35k_dwt_ice,tanker_ice
Global,42.325279332164484,25.571185285738796,29.304397205384483,26.93208380558838,94.65711148385431,37.3117702565057,63.50047646871119,49.64071379899616,39.90081115610231,59.513973292474304,59.513973292474304,41.74124643141988,56.70251130375549,35.070816942623956,40.037835951889114
Global Average,42.325279332164484,25.571185285738796,29.304397205384483,26.93208380558838,94.65711148385431,37.3117702565057,63.50047646871119,49.64071379899616,39.90081115610231,59.513973292474304,59.513973292474304,41.74124643141988,56.70251130375549,35.070816942623956,40.037835951889114
