Region,bulk_carrier_capesize_ice,bulk_carrier_handy_ice,bulk_carrier_ice,bulk_carrier_panamax_ice,container_15000_teu_ice,container_3500_teu_ice,container_8000_teu_ice,container_ice,fleet,gas_carrier_100k_cbm_ice,gas_carrier_ice,tanker_100k_dwt_ice,tanker_300k_dwt_ice,tanker_35k_dwt_ice,tanker_ice
Global,0.005422752911094952,0.014249794945764149,0.006590807747295055,0.006020277464628188,0.004419538683892208,0.00744848897377474,0.007199757718397076,0.006578325888221237,0.006640856413220875,0.013943418946673744,0.013943418946673742,0.005358229199391831,0.002608660645147625,0.013307652737133226,0.005832062910920958
Global Average,0.005422752911094952,0.014249794945764149,0.006590807747295055,0.006020277464628188,0.004419538683892208,0.00744848897377474,0.007199757718397076,0.006578325888221237,0.006640856413220875,0.013943418946673744,0.013943418946673742,0.005358229199391831,0.002608660645147625,0.013307652737133226,0.005832062910920958
