Region,bulk_carrier_capesize_ice,bulk_carrier_handy_ice,bulk_carrier_ice,bulk_carrier_panamax_ice,container_15000_teu_ice,container_3500_teu_ice,container_8000_teu_ice,container_ice,fleet,gas_carrier_100k_cbm_ice,gas_carrier_ice,tanker_100k_dwt_ice,tanker_300k_dwt_ice,tanker_35k_dwt_ice,tanker_ice
Global,0.0003493165311799594,0.0015367710476909195,0.0006450599589517006,0.0006711601729465264,8.723562493212348e-05,0.00034811015802472346,0.00014068804258432968,0.00020811689449616312,0.0005414805896735839,0.0013645943229951153,0.001364594322995115,0.0005710800471178889,0.00015983710680348296,0.0025082409511359687,0.0007878370116461459
Global Average,0.0003493165311799594,0.0015367710476909195,0.0006450599589517006,0.0006711601729465264,8.723562493212348e-05,0.00034811015802472346,0.00014068804258432968,0.00020811689449616312,0.0005414805896735839,0.0013645943229951153,0.001364594322995115,0.0005710800471178889,0.00015983710680348296,0.0025082409511359687,0.0007878370116461459
