Region,bulk_carrier_capesize_ice,bulk_carrier_handy_ice,bulk_carrier_ice,bulk_carrier_panamax_ice,container_15000_teu_ice,container_3500_teu_ice,container_8000_teu_ice,container_ice,fleet,gas_carrier_100k_cbm_ice,gas_carrier_ice,tanker_100k_dwt_ice,tanker_300k_dwt_ice,tanker_35k_dwt_ice,tanker_ice
Global,0.00010441114681449344,0.0004086102589212431,0.00014940117484956204,0.00013564897936675811,7.1596940078864e-05,0.0001515655057361818,0.0001071696955934929,0.00011537855233455984,0.000129911851693305,0.00011324924725419603,0.00011324924725419603,0.00012711861616721302,5.173258157257069e-05,0.0003421498647371337,0.0001395346392263073
Global Average,0.00010441114681449344,0.0004086102589212431,0.00014940117484956204,0.00013564897936675811,7.1596940078864e-05,0.0001515655057361818,0.0001071696955934929,0.00011537855233455984,0.000129911851693305,0.00011324924725419603,0.00011324924725419603,0.00012711861616721302,5.173258157257069e-05,0.0003421498647371337,0.0001395346392263073
