Region,bulk_carrier_capesize_ice,bulk_carrier_handy_ice,bulk_carrier_ice,bulk_carrier_panamax_ice,container_15000_teu_ice,container_3500_teu_ice,container_8000_teu_ice,container_ice,fleet,gas_carrier_100k_cbm_ice,gas_carrier_ice,tanker_100k_dwt_ice,tanker_300k_dwt_ice,tanker_35k_dwt_ice,tanker_ice
Global,0.0004856691233149519,0.0017823577777498962,0.0006839456648988332,0.0006267176386149452,0.00025361603162622054,0.00042844248000856264,0.00031900810057828536,0.0003450078264553703,0.0005566917083311737,0.001190279465849486,0.001190279465849486,0.0005887311642053508,0.0002645190660918857,0.001456437737131227,0.0006308890964608335
Global Average,0.0004856691233149519,0.0017823577777498962,0.0006839456648988332,0.0006267176386149452,0.00025361603162622054,0.00042844248000856264,0.00031900810057828536,0.0003450078264553703,0.0005566917083311737,0.001190279465849486,0.001190279465849486,0.0005887311642053508,0.0002645190660918857,0.001456437737131227,0.0006308890964608335
