Region,bulk_carrier_capesize_ice,bulk_carrier_handy_ice,bulk_carrier_ice,bulk_carrier_panamax_ice,container_15000_teu_ice,container_3500_teu_ice,container_8000_teu_ice,container_ice,fleet,gas_carrier_100k_cbm_ice,gas_carrier_ice,tanker_100k_dwt_ice,tanker_300k_dwt_ice,tanker_35k_dwt_ice,tanker_ice
Global,0.0029857487115391465,0.006961671254845484,0.0032898309747559904,0.0029051072373884636,0.0014355871698671938,0.0022518211312011656,0.0024507847980177314,0.002109899050608075,0.0028920899881620635,0.004216478210057618,0.004216478210057618,0.0032685292693039325,0.00172471118666047,0.00734874090074013,0.0034340927199664204
Global Average,0.0029857487115391465,0.006961671254845484,0.0032898309747559904,0.0029051072373884636,0.0014355871698671938,0.0022518211312011656,0.0024507847980177314,0.002109899050608075,0.0028920899881620635,0.004216478210057618,0.004216478210057618,0.0032685292693039325,0.00172471118666047,0.00734874090074013,0.0034340927199664204
