Region,bulk_carrier_capesize_ice,bulk_carrier_handy_ice,bulk_carrier_ice,bulk_carrier_panamax_ice,container_15000_teu_ice,container_3500_teu_ice,container_8000_teu_ice,container_ice,fleet,gas_carrier_100k_cbm_ice,gas_carrier_ice,tanker_100k_dwt_ice,tanker_300k_dwt_ice,tanker_35k_dwt_ice,tanker_ice
Global,5.94825387130643,2.0676928455422865,3.209560830335613,2.8956931454416748,11.772014996496388,4.250147483982747,10.670091313470163,6.620913992839699,4.32236722582286,4.612358893108274,4.612358893108274,4.550734440768017,7.869244714931185,2.737588636823282,3.9997733319771327
Global Average,5.94825387130643,2.0676928455422865,3.209560830335613,2.8956931454416748,11.772014996496388,4.250147483982747,10.670091313470163,6.620913992839699,4.32236722582286,4.612358893108274,4.612358893108274,4.550734440768017,7.869244714931185,2.737588636823282,3.9997733319771327
