Region,bulk_carrier_capesize_ice,bulk_carrier_handy_ice,bulk_carrier_ice,bulk_carrier_panamax_ice,container_15000_teu_ice,container_3500_teu_ice,container_8000_teu_ice,container_ice,fleet,gas_carrier_100k_cbm_ice,gas_carrier_ice,tanker_100k_dwt_ice,tanker_300k_dwt_ice,tanker_35k_dwt_ice,tanker_ice
Global,263.32176404276373,94.54522076311004,143.04145324003423,128.39867685036,520.3092033655165,190.2764737511819,472.55784542724064,294.448017189594,204.66884394141763,206.18646635497885,206.18646635497885,231.5272310076447,370.43673861884747,171.50454938249447,216.70281158341746
Global Average,263.32176404276373,94.54522076311004,143.04145324003423,128.39867685036,520.3092033655165,190.2764737511819,472.55784542724064,294.448017189594,204.66884394141763,206.18646635497885,206.18646635497885,231.5272310076447,370.43673861884747,171.50454938249447,216.70281158341746
