Region,bulk_carrier_capesize_ice,bulk_carrier_handy_ice,bulk_carrier_ice,bulk_carrier_panamax_ice,container_15000_teu_ice,container_3500_teu_ice,container_8000_teu_ice,container_ice,fleet,gas_carrier_100k_cbm_ice,gas_carrier_ice,tanker_100k_dwt_ice,tanker_300k_dwt_ice,tanker_35k_dwt_ice,tanker_ice
Global,0.003086423384595973,0.0070817137520408965,0.0034328174064304482,0.0030630339672480735,0.0014355871698671938,0.0022518211312011656,0.0024507847980177314,0.002109899050608075,0.002935651957258738,0.004216478210057618,0.004216478210057618,0.003332503222845353,0.001759600264437241,0.007457489944685484,0.003499047813621075
Global Average,0.003086423384595973,0.0070817137520408965,0.0034328174064304482,0.0030630339672480735,0.0014355871698671938,0.0022518211312011656,0.0024507847980177314,0.002109899050608075,0.002935651957258738,0.004216478210057618,0.004216478210057618,0.003332503222845353,0.001759600264437241,0.007457489944685484,0.003499047813621075
