Region,bulk_carrier_capesize_ice,bulk_carrier_handy_ice,bulk_carrier_ice,bulk_carrier_panamax_ice,container_15000_teu_ice,container_3500_teu_ice,container_8000_teu_ice,container_ice,fleet,gas_carrier_100k_cbm_ice,gas_carrier_ice,tanker_100k_dwt_ice,tanker_300k_dwt_ice,tanker_35k_dwt_ice,tanker_ice
Global,0.0004799172172149869,0.0018828893107362154,0.0006739760498731052,0.000609356681087544,0.00026116880866981003,0.00044156500827313016,0.00032932688326377956,0.0003557058930662436,0.0005638217045733578,0.001217050643613251,0.001217050643613251,0.0005892718757294661,0.0002640004226415385,0.0015027376697386713,0.0006344801895321302
Global Average,0.0004799172172149869,0.0018828893107362154,0.0006739760498731052,0.000609356681087544,0.00026116880866981003,0.00044156500827313016,0.00032932688326377956,0.0003557058930662436,0.0005638217045733578,0.001217050643613251,0.001217050643613251,0.0005892718757294661,0.0002640004226415385,0.0015027376697386713,0.0006344801895321302
