Region,bulk_carrier_capesize_ice,bulk_carrier_handy_ice,bulk_carrier_ice,bulk_carrier_panamax_ice,container_15000_teu_ice,container_3500_teu_ice,container_8000_teu_ice,container_ice,fleet,gas_carrier_100k_cbm_ice,gas_carrier_ice,tanker_100k_dwt_ice,tanker_300k_dwt_ice,tanker_35k_dwt_ice,tanker_ice
Global,0.00039039623037815454,0.0019614766821523175,0.0006649960896260096,0.0006246806367758844,8.894047654315062e-05,0.00031075882353644033,0.0001418047901668967,0.00019438227705773165,0.00048249054504347495,0.0006205902017072777,0.0006205902017072777,0.000554243683456864,0.00015469079880374407,0.0023399683285281695,0.0007472682878921392
Global Average,0.00039039623037815454,0.0019614766821523175,0.0006649960896260096,0.0006246806367758844,8.894047654315062e-05,0.00031075882353644033,0.0001418047901668967,0.00019438227705773165,0.00048249054504347495,0.0006205902017072777,0.0006205902017072777,0.000554243683456864,0.00015469079880374407,0.0023399683285281695,0.0007472682878921392
