Region,bulk_carrier_capesize_ice,bulk_carrier_handy_ice,bulk_carrier_ice,bulk_carrier_panamax_ice,container_15000_teu_ice,container_3500_teu_ice,container_8000_teu_ice,container_ice,fleet,gas_carrier_100k_cbm_ice,gas_carrier_ice,tanker_100k_dwt_ice,tanker_300k_dwt_ice,tanker_35k_dwt_ice,tanker_ice
Global,0.0010954509753532506,0.0025252415232850556,0.0012054747192086824,0.0010575741789653253,0.0005232735490089186,0.0008325794165463103,0.000892280275842319,0.0007734464415247223,0.0011620756118794753,0.0015691648673561368,0.0015691648673561368,0.0014473572017182118,0.0006966375068104365,0.0038219891041164486,0.0016169374094577244
Global Average,0.0010954509753532506,0.0025252415232850556,0.0012054747192086824,0.0010575741789653253,0.0005232735490089186,0.0008325794165463103,0.000892280275842319,0.0007734464415247223,0.0011620756118794753,0.0015691648673561368,0.0015691648673561368,0.0014473572017182118,0.0006966375068104365,0.0038219891041164486,0.0016169374094577244
