Region,bulk_carrier_capesize_ice,bulk_carrier_handy_ice,bulk_carrier_ice,bulk_carrier_panamax_ice,container_15000_teu_ice,container_3500_teu_ice,container_8000_teu_ice,container_ice,fleet,gas_carrier_100k_cbm_ice,gas_carrier_ice,tanker_100k_dwt_ice,tanker_300k_dwt_ice,tanker_35k_dwt_ice,tanker_ice
Global,5.4221063767404525,11.984649722781336,8.287396824388633,8.758980869909387,2.6799336675699297,5.886884281667268,2.5060847686293286,3.9633073594658477,6.432245483162262,6.237822580862383,6.237822580862383,5.890740171960022,3.4139326245515043,9.427445373830357,7.1118941943450515
Global Average,5.4221063767404525,11.984649722781336,8.287396824388633,8.758980869909387,2.6799336675699297,5.886884281667268,2.5060847686293286,3.9633073594658477,6.432245483162262,6.237822580862383,6.237822580862383,5.890740171960022,3.4139326245515043,9.427445373830357,7.1118941943450515
