Region,bulk_carrier_capesize_ice,bulk_carrier_handy_ice,bulk_carrier_ice,bulk_carrier_panamax_ice,container_15000_teu_ice,container_3500_teu_ice,container_8000_teu_ice,container_ice,fleet,gas_carrier_100k_cbm_ice,gas_carrier_ice,tanker_100k_dwt_ice,tanker_300k_dwt_ice,tanker_35k_dwt_ice,tanker_ice
Global,0.00050872311398982,0.001854582692894639,0.0007230971953013378,0.0006673949915032138,0.00047624548677791396,0.0008185030030940624,0.0005853377514453416,0.0006485524559511416,0.000744550875280543,0.0025756817831877276,0.0025756817831877276,0.0005790376777467125,0.0002493589644660213,0.0013877027841979743,0.0006073988865392194
Global Average,0.00050872311398982,0.001854582692894639,0.0007230971953013378,0.0006673949915032138,0.00047624548677791396,0.0008185030030940624,0.0005853377514453416,0.0006485524559511416,0.000744550875280543,0.0025756817831877276,0.0025756817831877276,0.0005790376777467125,0.0002493589644660213,0.0013877027841979743,0.0006073988865392194
