Region,bulk_carrier_capesize_ice,bulk_carrier_handy_ice,bulk_carrier_ice,bulk_carrier_panamax_ice,container_15000_teu_ice,container_3500_teu_ice,container_8000_teu_ice,container_ice,fleet,gas_carrier_100k_cbm_ice,gas_carrier_ice,tanker_100k_dwt_ice,tanker_300k_dwt_ice,tanker_35k_dwt_ice,tanker_ice
Global,5.452905130500995,3.2875884316146693,3.8480341198834718,3.607699952359849,16.4208367020716,8.371155853815528,12.560068141342034,10.231253117337126,5.604956591915464,3.1647900004499423,3.1647900004499423,5.58850073717544,6.827878873636587,4.726595178340559,5.286852413850228
Global Average,5.452905130500995,3.2875884316146693,3.8480341198834718,3.607699952359849,16.4208367020716,8.371155853815528,12.560068141342034,10.231253117337126,5.604956591915464,3.1647900004499423,3.1647900004499423,5.58850073717544,6.827878873636587,4.726595178340559,5.286852413850228
