Region,bulk_carrier_capesize_ice,bulk_carrier_handy_ice,bulk_carrier_ice,bulk_carrier_panamax_ice,container_15000_teu_ice,container_3500_teu_ice,container_8000_teu_ice,container_ice,fleet,gas_carrier_100k_cbm_ice,gas_carrier_ice,tanker_100k_dwt_ice,tanker_300k_dwt_ice,tanker_35k_dwt_ice,tanker_ice
Global,32.18231537089551,19.564717033909332,22.296709847088223,20.442526237186755,70.79725577749046,28.391125761437323,46.407782155280735,37.16748587704161,31.649508457546176,55.11959016021737,55.11959016021737,34.09929777940813,44.39770513968525,27.754962354551676,32.01708502473769
Global Average,32.18231537089551,19.564717033909332,22.296709847088223,20.442526237186755,70.79725577749046,28.391125761437323,46.407782155280735,37.16748587704161,31.649508457546176,55.11959016021737,55.11959016021737,34.09929777940813,44.39770513968525,27.754962354551676,32.01708502473769
