Region,bulk_carrier_capesize_ice,bulk_carrier_handy_ice,bulk_carrier_ice,bulk_carrier_panamax_ice,container_15000_teu_ice,container_3500_teu_ice,container_8000_teu_ice,container_ice,fleet,gas_carrier_100k_cbm_ice,gas_carrier_ice,tanker_100k_dwt_ice,tanker_300k_dwt_ice,tanker_35k_dwt_ice,tanker_ice
Global,0.00029184689963800717,0.001096236551404245,0.000404697728974893,0.00036331304178222865,0.0001435383722511307,0.0002271027038057827,0.0001675573727227844,0.00018469425606643827,0.0003532316069288599,0.0010368454858616953,0.0010368454858616953,0.0003886706297536019,0.00016872376667988268,0.0009234814162945579,0.0004066675458393717
Global Average,0.00029184689963800717,0.001096236551404245,0.000404697728974893,0.00036331304178222865,0.0001435383722511307,0.0002271027038057827,0.0001675573727227844,0.00018469425606643827,0.0003532316069288599,0.0010368454858616953,0.0010368454858616953,0.0003886706297536019,0.00016872376667988268,0.0009234814162945579,0.0004066675458393717
