Region,bulk_carrier_capesize_ice,bulk_carrier_handy_ice,bulk_carrier_ice,bulk_carrier_panamax_ice,container_15000_teu_ice,container_3500_teu_ice,container_8000_teu_ice,container_ice,fleet,gas_carrier_100k_cbm_ice,gas_carrier_ice,tanker_100k_dwt_ice,tanker_300k_dwt_ice,tanker_35k_dwt_ice,tanker_ice
Global,0.0005000309100042462,0.002485413872616288,0.0008586565537784158,0.0008130370236780806,0.00016088330985892605,0.0006414544481366899,0.0002598333625115663,0.0003838814671141509,0.0007330216002746673,0.00136150289293945,0.0013615028929394497,0.0006001335731086269,0.0001678912047156997,0.0026236879602592198,0.0008270141334212219
Global Average,0.0005000309100042462,0.002485413872616288,0.0008586565537784158,0.0008130370236780806,0.00016088330985892605,0.0006414544481366899,0.0002598333625115663,0.0003838814671141509,0.0007330216002746673,0.00136150289293945,0.0013615028929394497,0.0006001335731086269,0.0001678912047156997,0.0026236879602592198,0.0008270141334212219
