Region,bulk_carrier_capesize_ice,bulk_carrier_handy_ice,bulk_carrier_ice,bulk_carrier_panamax_ice,container_15000_teu_ice,container_3500_teu_ice,container_8000_teu_ice,container_ice,fleet,gas_carrier_100k_cbm_ice,gas_carrier_ice,tanker_100k_dwt_ice,tanker_300k_dwt_ice,tanker_35k_dwt_ice,tanker_ice
Global,0.05881424635700692,0.08337561922030347,0.07172406638801083,0.07583963150584587,0.06487597064943114,0.05270119025508521,0.04389550167472412,0.05128305866267499,0.0483699656604217,0.02262093053332859,0.02262093053332859,0.035602175351177406,0.04754322621735103,0.03562832391462353,0.037658659180550426
Global Average,0.05881424635700692,0.08337561922030347,0.07172406638801083,0.07583963150584587,0.06487597064943114,0.05270119025508521,0.04389550167472412,0.05128305866267499,0.0483699656604217,0.02262093053332859,0.02262093053332859,0.035602175351177406,0.04754322621735103,0.03562832391462353,0.037658659180550426
