Region,bulk_carrier_capesize_ice,bulk_carrier_handy_ice,bulk_carrier_ice,bulk_carrier_panamax_ice,container_15000_teu_ice,container_3500_teu_ice,container_8000_teu_ice,container_ice,fleet,gas_carrier_100k_cbm_ice,gas_carrier_ice,tanker_100k_dwt_ice,tanker_300k_dwt_ice,tanker_35k_dwt_ice,tanker_ice
Global,1.6112526038840848e-05,5.972037632402659e-05,2.237203557328047e-05,2.0700330761166308e-05,8.90254370893976e-06,1.1631145810966079e-05,1.022574129007215e-05,1.043454080084197e-05,1.4669161259426409e-05,9.223354836391e-06,9.223354836391e-06,1.3261166734791901e-05,8.47535222044879e-06,3.7853205100251356e-05,1.6000065711945443e-05
Global Average,1.6112526038840848e-05,5.972037632402659e-05,2.237203557328047e-05,2.0700330761166308e-05,8.90254370893976e-06,1.1631145810966079e-05,1.022574129007215e-05,1.043454080084197e-05,1.4669161259426409e-05,9.223354836391e-06,9.223354836391e-06,1.3261166734791901e-05,8.47535222044879e-06,3.7853205100251356e-05,1.6000065711945443e-05
