Region,bulk_carrier_capesize_ice,bulk_carrier_handy_ice,bulk_carrier_ice,bulk_carrier_panamax_ice,container_15000_teu_ice,container_3500_teu_ice,container_8000_teu_ice,container_ice,fleet,gas_carrier_100k_cbm_ice,gas_carrier_ice,tanker_100k_dwt_ice,tanker_300k_dwt_ice,tanker_35k_dwt_ice,tanker_ice
Global,0.00030247680875994506,0.0011208995152430755,0.0004248248793520298,0.0003863426416314372,0.0001435383722511307,0.0002271027038057827,0.0001675573727227844,0.00018469425606643827,0.0003597424199202729,0.0010368454858616953,0.0010368454858616953,0.0003987751928833836,0.00017311020553427274,0.0009474898582909196,0.0004172399883529015
Global Average,0.00030247680875994506,0.0011208995152430755,0.0004248248793520298,0.0003863426416314372,0.0001435383722511307,0.0002271027038057827,0.0001675573727227844,0.00018469425606643827,0.0003597424199202729,0.0010368454858616953,0.0010368454858616953,0.0003987751928833836,0.00017311020553427274,0.0009474898582909196,0.0004172399883529015
