Region,bulk_carrier_capesize_ice,bulk_carrier_handy_ice,bulk_carrier_ice,bulk_carrier_panamax_ice,container_15000_teu_ice,container_3500_teu_ice,container_8000_teu_ice,container_ice,fleet,gas_carrier_100k_cbm_ice,gas_carrier_ice,tanker_100k_dwt_ice,tanker_300k_dwt_ice,tanker_35k_dwt_ice,tanker_ice
Global,0.0003865200338217829,0.0014285628949690264,0.0005454719921595847,0.0004991559087541278,0.00019989636034631466,0.00034273248398117995,0.00024633677818543834,0.000272124816707226,0.00045964955329287307,0.0011155273865721665,0.0011155273865721665,0.0004986489150059998,0.00021602629772075435,0.0012007092245022433,0.0005246985946705874
Global Average,0.0003865200338217829,0.0014285628949690264,0.0005454719921595847,0.0004991559087541278,0.00019989636034631466,0.00034273248398117995,0.00024633677818543834,0.000272124816707226,0.00045964955329287307,0.0011155273865721665,0.0011155273865721665,0.0004986489150059998,0.00021602629772075435,0.0012007092245022433,0.0005246985946705874
