Region,bulk_carrier_capesize_ice,bulk_carrier_handy_ice,bulk_carrier_ice,bulk_carrier_panamax_ice,container_15000_teu_ice,container_3500_teu_ice,container_8000_teu_ice,container_ice,fleet,gas_carrier_100k_cbm_ice,gas_carrier_ice,tanker_100k_dwt_ice,tanker_300k_dwt_ice,tanker_35k_dwt_ice,tanker_ice
Global,0.9623768874744811,1.5657255160256778,1.24780004599962,1.3137696919764137,1.4723993211022173,2.0105300313597176,1.243018258877018,1.6076736824804347,1.1563833446108471,0.7116467779618223,0.7116467779618223,0.9318855265431656,0.7753477603088297,0.8743065350826926,0.8784061375137152
Global Average,0.9623768874744811,1.5657255160256778,1.24780004599962,1.3137696919764137,1.4723993211022173,2.0105300313597176,1.243018258877018,1.6076736824804347,1.1563833446108471,0.7116467779618223,0.7116467779618223,0.9318855265431656,0.7753477603088297,0.8743065350826926,0.8784061375137152
