Region,bulk_carrier_capesize_ice,bulk_carrier_handy_ice,bulk_carrier_ice,bulk_carrier_panamax_ice,container_15000_teu_ice,container_3500_teu_ice,container_8000_teu_ice,container_ice,fleet,gas_carrier_100k_cbm_ice,gas_carrier_ice,tanker_100k_dwt_ice,tanker_300k_dwt_ice,tanker_35k_dwt_ice,tanker_ice
Global,9.707556936880102e-05,0.0003852603294511848,0.00014373162373455025,0.00013547912110226353,0.00012559226732238276,0.00027460787595495653,0.0001820672924502085,0.00020375801007413435,0.00015149943870592826,0.00017248142698784647,0.00017248142698784647,0.00010870971705059493,4.3055395802296774e-05,0.0002844581896588359,0.00011572785377007623
Global Average,9.707556936880102e-05,0.0003852603294511848,0.00014373162373455025,0.00013547912110226353,0.00012559226732238276,0.00027460787595495653,0.0001820672924502085,0.00020375801007413435,0.00015149943870592826,0.00017248142698784647,0.00017248142698784647,0.00010870971705059493,4.3055395802296774e-05,0.0002844581896588359,0.00011572785377007623
