Region,bulk_carrier_capesize_ice,bulk_carrier_handy_ice,bulk_carrier_ice,bulk_carrier_panamax_ice,container_15000_teu_ice,container_3500_teu_ice,container_8000_teu_ice,container_ice,fleet,gas_carrier_100k_cbm_ice,gas_carrier_ice,tanker_100k_dwt_ice,tanker_300k_dwt_ice,tanker_35k_dwt_ice,tanker_ice
Global,3.663144671919202e-05,0.00015719596432214343,6.754829823518812e-05,7.201436890309746e-05,4.637271390703898e-05,0.00010377162620249308,7.143530605876767e-05,7.763039639362612e-05,8.111387725778481e-05,0.00012305198578597227,0.00012305198578597227,8.490726576304256e-05,2.3943589610575967e-05,0.0002546071480877725,9.283585671717087e-05
Global Average,3.663144671919202e-05,0.00015719596432214343,6.754829823518812e-05,7.201436890309746e-05,4.637271390703898e-05,0.00010377162620249308,7.143530605876767e-05,7.763039639362612e-05,8.111387725778481e-05,0.00012305198578597227,0.00012305198578597227,8.490726576304256e-05,2.3943589610575967e-05,0.0002546071480877725,9.283585671717087e-05
