Region,bulk_carrier_capesize_ice,bulk_carrier_handy_ice,bulk_carrier_ice,bulk_carrier_panamax_ice,container_15000_teu_ice,container_3500_teu_ice,container_8000_teu_ice,container_ice,fleet,gas_carrier_100k_cbm_ice,gas_carrier_ice,tanker_100k_dwt_ice,tanker_300k_dwt_ice,tanker_35k_dwt_ice,tanker_ice
Global,72.07250547815379,78.53383570364319,75.69991941382423,77.02192275563593,70.2543206046476,72.53858688087499,68.07814624391949,70.34438179700321,66.73880540459348,77.60242672293487,77.60242672293487,59.460947127139086,62.772969586779126,51.555512065372746,56.31450309370864
Global Average,72.07250547815379,78.53383570364319,75.69991941382423,77.02192275563593,70.2543206046476,72.53858688087499,68.07814624391949,70.34438179700321,66.73880540459348,77.60242672293487,77.60242672293487,59.460947127139086,62.772969586779126,51.555512065372746,56.31450309370864
