Region,bulk_carrier_capesize_ice,bulk_carrier_handy_ice,bulk_carrier_ice,bulk_carrier_panamax_ice,container_15000_teu_ice,container_3500_teu_ice,container_8000_teu_ice,container_ice,fleet,gas_carrier_100k_cbm_ice,gas_carrier_ice,tanker_100k_dwt_ice,tanker_300k_dwt_ice,tanker_35k_dwt_ice,tanker_ice
Global,60.88023751579723,57.252307417801646,60.08527291097148,60.68209755162625,61.05824970381227,59.57089791218235,60.832604340268496,60.338250741579344,53.77288729003324,59.74902152774878,59.74902152774878,47.95499869458829,54.29029170028294,37.10212597738438,43.937992199868916
Global Average,60.88023751579723,57.252307417801646,60.08527291097148,60.68209755162625,61.05824970381227,59.57089791218235,60.832604340268496,60.338250741579344,53.77288729003324,59.74902152774878,59.74902152774878,47.95499869458829,54.29029170028294,37.10212597738438,43.937992199868916
