Region,bulk_carrier_capesize_ice,bulk_carrier_handy_ice,bulk_carrier_ice,bulk_carrier_panamax_ice,container_15000_teu_ice,container_3500_teu_ice,container_8000_teu_ice,container_ice,fleet,gas_carrier_100k_cbm_ice,gas_carrier_ice,tanker_100k_dwt_ice,tanker_300k_dwt_ice,tanker_35k_dwt_ice,tanker_ice
Global,6.797258846453486e-05,0.0002534207599679997,9.837818099642969e-05,9.192379253217329e-05,4.784339001947688e-05,0.00010451550307521877,6.904349387782969e-05,7.747001184973364e-05,8.566417331141883e-05,6.976603734325206e-05,6.976603734325206e-05,8.682133499457028e-05,3.453548600408741e-05,0.00021760683745414787,9.181834613812341e-05
Global Average,6.797258846453486e-05,0.0002534207599679997,9.837818099642969e-05,9.192379253217329e-05,4.784339001947688e-05,0.00010451550307521877,6.904349387782969e-05,7.747001184973364e-05,8.566417331141883e-05,6.976603734325206e-05,6.976603734325206e-05,8.682133499457028e-05,3.453548600408741e-05,0.00021760683745414787,9.181834613812341e-05
