Region,bulk_carrier_capesize_ice,bulk_carrier_handy_ice,bulk_carrier_ice,bulk_carrier_panamax_ice,container_15000_teu_ice,container_3500_teu_ice,container_8000_teu_ice,container_ice,fleet,gas_carrier_100k_cbm_ice,gas_carrier_ice,tanker_100k_dwt_ice,tanker_300k_dwt_ice,tanker_35k_dwt_ice,tanker_ice
Global,0.00038979145932638634,0.0019716054719065,0.0006531247126811813,0.0006057369823439468,9.891606129082043e-05,0.00033138056837112543,0.00015611710734174177,0.00021004709409850372,0.0004917929627042332,0.0006347248061222035,0.0006347248061222035,0.0005588025685958973,0.00015770848435575304,0.002335877771349164,0.0007495120656067719
Global Average,0.00038979145932638634,0.0019716054719065,0.0006531247126811813,0.0006057369823439468,9.891606129082043e-05,0.00033138056837112543,0.00015611710734174177,0.00021004709409850372,0.0004917929627042332,0.0006347248061222035,0.0006347248061222035,0.0005588025685958973,0.00015770848435575304,0.002335877771349164,0.0007495120656067719
