Region,bulk_carrier_capesize_ice,bulk_carrier_handy_ice,bulk_carrier_ice,bulk_carrier_panamax_ice,container_15000_teu_ice,container_3500_teu_ice,container_8000_teu_ice,container_ice,fleet,gas_carrier_100k_cbm_ice,gas_carrier_ice,tanker_100k_dwt_ice,tanker_300k_dwt_ice,tanker_35k_dwt_ice,tanker_ice
Global,1.4005300118398702,0.7782096824384486,0.9541366465556288,0.897688282030585,3.177903439796148,0.9679090498232424,1.937991616428781,1.4331522762763063,1.0208624472039352,0.445793168360946,0.445793168360946,0.9254188341896931,1.7964732138607293,0.8575447099901093,0.9925709206690368
Global Average,1.4005300118398702,0.7782096824384486,0.9541366465556288,0.897688282030585,3.177903439796148,0.9679090498232424,1.937991616428781,1.4331522762763063,1.0208624472039352,0.445793168360946,0.445793168360946,0.9254188341896931,1.7964732138607293,0.8575447099901093,0.9925709206690368
