Region,bulk_carrier_capesize_ice,bulk_carrier_handy_ice,bulk_carrier_ice,bulk_carrier_panamax_ice,container_15000_teu_ice,container_3500_teu_ice,container_8000_teu_ice,container_ice,fleet,gas_carrier_100k_cbm_ice,gas_carrier_ice,tanker_100k_dwt_ice,tanker_300k_dwt_ice,tanker_35k_dwt_ice,tanker_ice
Global,33.68459639213176,20.495349999651054,23.371341822922794,21.450343724696655,74.60731857205502,29.84754383246902,49.034813718480635,39.154097698462294,32.94532637984809,55.776369328608325,55.776369328608325,35.35438330688663,46.307564023247075,28.912910137018777,33.298715060154684
Global Average,33.68459639213176,20.495349999651054,23.371341822922794,21.450343724696655,74.60731857205502,29.84754383246902,49.034813718480635,39.154097698462294,32.94532637984809,55.776369328608325,55.776369328608325,35.35438330688663,46.307564023247075,28.912910137018777,33.298715060154684
