Region,bulk_carrier_capesize_ice,bulk_carrier_handy_ice,bulk_carrier_ice,bulk_carrier_panamax_ice,container_15000_teu_ice,container_3500_teu_ice,container_8000_teu_ice,container_ice,fleet,gas_carrier_100k_cbm_ice,gas_carrier_ice,tanker_100k_dwt_ice,tanker_300k_dwt_ice,tanker_35k_dwt_ice,tanker_ice
Global,0.00038268066945884853,0.0012843392042172063,0.0005934129311696637,0.0006051891673822443,0.0002834107469298178,0.00048646147295516417,0.00035059789222428254,0.0003865011365182429,0.0005968637057835939,0.00275790001563849,0.00275790001563849,0.0005913413997844114,0.0002552590686752941,0.0014790356835984407,0.0006259284614158104
Global Average,0.00038268066945884853,0.0012843392042172063,0.0005934129311696637,0.0006051891673822443,0.0002834107469298178,0.00048646147295516417,0.00035059789222428254,0.0003865011365182429,0.0005968637057835939,0.00275790001563849,0.00275790001563849,0.0005913413997844114,0.0002552590686752941,0.0014790356835984407,0.0006259284614158104
