Region,bulk_carrier_capesize_ice,bulk_carrier_handy_ice,bulk_carrier_ice,bulk_carrier_panamax_ice,container_15000_teu_ice,container_3500_teu_ice,container_8000_teu_ice,container_ice,fleet,gas_carrier_100k_cbm_ice,gas_carrier_ice,tanker_100k_dwt_ice,tanker_300k_dwt_ice,tanker_35k_dwt_ice,tanker_ice
Global,0.005103742981118481,0.013994753346777468,0.005995913016884945,0.0053403880982571105,0.0023868181780686134,0.003946212986455498,0.003971651681425726,0.0035510371160255294,0.005091911599978491,0.007870102408365724,0.007870102408365724,0.0056284330518431,0.0028276394512949765,0.013639038723464966,0.006021880784918878
Global Average,0.005103742981118481,0.013994753346777468,0.005995913016884945,0.0053403880982571105,0.0023868181780686134,0.003946212986455498,0.003971651681425726,0.0035510371160255294,0.005091911599978491,0.007870102408365724,0.007870102408365724,0.0056284330518431,0.0028276394512949765,0.013639038723464966,0.006021880784918878
