Region,bulk_carrier_capesize_ice,bulk_carrier_handy_ice,bulk_carrier_ice,bulk_carrier_panamax_ice,container_15000_teu_ice,container_3500_teu_ice,container_8000_teu_ice,container_ice,fleet,gas_carrier_100k_cbm_ice,gas_carrier_ice,tanker_100k_dwt_ice,tanker_300k_dwt_ice,tanker_35k_dwt_ice,tanker_ice
Global,0.22753303320669196,0.3351306097488896,0.2824526115124325,0.29855120031875726,0.2620401359733414,0.21380165840737056,0.1752795982219964,0.2067033652389338,0.1922661616406687,0.0909460488175897,0.0909460488175897,0.14009610255618585,0.18815094227371237,0.14308496455117134,0.14962696576316084
Global Average,0.22753303320669196,0.3351306097488896,0.2824526115124325,0.29855120031875726,0.2620401359733414,0.21380165840737056,0.1752795982219964,0.2067033652389338,0.1922661616406687,0.0909460488175897,0.0909460488175897,0.14009610255618585,0.18815094227371237,0.14308496455117134,0.14962696576316084
